{
  "best_metric": null,
  "best_model_checkpoint": null,
  "epoch": 3.0,
  "eval_steps": 500,
  "global_step": 999,
  "is_hyper_param_search": false,
  "is_local_process_zero": true,
  "is_world_process_zero": true,
  "log_history": [
    {
      "epoch": 1.0,
      "grad_norm": 16.385313034057617,
      "learning_rate": 1.481646273637375e-05,
      "loss": 0.5045,
      "step": 333
    },
    {
      "epoch": 1.0,
      "eval_loss": 0.38961878418922424,
      "eval_performance": {
        "accuracy": 0.8317829457364341,
        "macro": {
          "f1": 0.7935733643050716,
          "precision": 0.8093034055727554,
          "recall": 0.7825967046177782
        },
        "pos_label=0": {
          "f1": 0.8823848238482385,
          "precision": 0.8568421052631578,
          "recall": 0.9094972067039107
        },
        "pos_label=1": {
          "f1": 0.7047619047619048,
          "precision": 0.7617647058823529,
          "recall": 0.6556962025316456
        }
      },
      "eval_runtime": 3.949,
      "eval_samples_per_second": 326.663,
      "eval_statistics": {
        "total_samples": 1290,
        "y_pred_distribution": {
          "average": 0.26356589147286824,
          "count": {
            "-1": 0,
            "0": 950,
            "1": 340
          }
        },
        "y_true_distribution": {
          "average": 0.3062015503875969,
          "count": {
            "-1": 0,
            "0": 895,
            "1": 395
          }
        }
      },
      "eval_steps_per_second": 41.023,
      "step": 333
    },
    {
      "epoch": 2.0,
      "grad_norm": 25.498226165771484,
      "learning_rate": 7.408231368186875e-06,
      "loss": 0.3604,
      "step": 666
    },
    {
      "epoch": 2.0,
      "eval_loss": 0.4236367344856262,
      "eval_performance": {
        "accuracy": 0.834108527131783,
        "macro": {
          "f1": 0.7883137796181274,
          "precision": 0.8244953581466656,
          "recall": 0.7694222473658157
        },
        "pos_label=0": {
          "f1": 0.8867724867724868,
          "precision": 0.842211055276382,
          "recall": 0.9363128491620112
        },
        "pos_label=1": {
          "f1": 0.6898550724637681,
          "precision": 0.8067796610169492,
          "recall": 0.6025316455696202
        }
      },
      "eval_runtime": 3.941,
      "eval_samples_per_second": 327.329,
      "eval_statistics": {
        "total_samples": 1290,
        "y_pred_distribution": {
          "average": 0.22868217054263565,
          "count": {
            "-1": 0,
            "0": 995,
            "1": 295
          }
        },
        "y_true_distribution": {
          "average": 0.3062015503875969,
          "count": {
            "-1": 0,
            "0": 895,
            "1": 395
          }
        }
      },
      "eval_steps_per_second": 41.106,
      "step": 666
    },
    {
      "epoch": 3.0,
      "grad_norm": 21.546371459960938,
      "learning_rate": 0.0,
      "loss": 0.2706,
      "step": 999
    },
    {
      "epoch": 3.0,
      "eval_loss": 0.4239872992038727,
      "eval_performance": {
        "accuracy": 0.8472868217054264,
        "macro": {
          "f1": 0.8177938668094891,
          "precision": 0.8225679733693375,
          "recall": 0.813570468849445
        },
        "pos_label=0": {
          "f1": 0.8911000552791598,
          "precision": 0.8818380743982495,
          "recall": 0.9005586592178771
        },
        "pos_label=1": {
          "f1": 0.7444876783398184,
          "precision": 0.7632978723404256,
          "recall": 0.7265822784810126
        }
      },
      "eval_runtime": 3.9411,
      "eval_samples_per_second": 327.321,
      "eval_statistics": {
        "total_samples": 1290,
        "y_pred_distribution": {
          "average": 0.29147286821705426,
          "count": {
            "-1": 0,
            "0": 914,
            "1": 376
          }
        },
        "y_true_distribution": {
          "average": 0.3062015503875969,
          "count": {
            "-1": 0,
            "0": 895,
            "1": 395
          }
        }
      },
      "eval_steps_per_second": 41.105,
      "step": 999
    }
  ],
  "logging_steps": 500,
  "max_steps": 999,
  "num_input_tokens_seen": 0,
  "num_train_epochs": 3,
  "save_steps": 500,
  "total_flos": 3572484254001684.0,
  "train_batch_size": 16,
  "trial_name": null,
  "trial_params": null
}
