{
  "best_metric": null,
  "best_model_checkpoint": null,
  "epoch": 1.0,
  "eval_steps": 500,
  "global_step": 319,
  "is_hyper_param_search": false,
  "is_local_process_zero": true,
  "is_world_process_zero": true,
  "log_history": [
    {
      "epoch": 1.0,
      "grad_norm": 6.994504928588867,
      "learning_rate": 1.4889148191365228e-05,
      "loss": 0.4675,
      "step": 319
    },
    {
      "epoch": 1.0,
      "eval_loss": 0.4045043885707855,
      "eval_performance": {
        "accuracy": 0.8449612403100775,
        "macro": {
          "f1": 0.8157016481130135,
          "precision": 0.819096870316953,
          "recall": 0.8126016547627466
        },
        "pos_label=0": {
          "f1": 0.8891352549889135,
          "precision": 0.8822882288228823,
          "recall": 0.8960893854748604
        },
        "pos_label=1": {
          "f1": 0.7422680412371134,
          "precision": 0.7559055118110236,
          "recall": 0.7291139240506329
        }
      },
      "eval_runtime": 3.9553,
      "eval_samples_per_second": 326.141,
      "eval_statistics": {
        "total_samples": 1290,
        "y_pred_distribution": {
          "average": 0.29534883720930233,
          "count": {
            "-1": 0,
            "0": 909,
            "1": 381
          }
        },
        "y_true_distribution": {
          "average": 0.3062015503875969,
          "count": {
            "-1": 0,
            "0": 895,
            "1": 395
          }
        }
      },
      "eval_steps_per_second": 40.957,
      "step": 319
    }
  ],
  "logging_steps": 500,
  "max_steps": 957,
  "num_input_tokens_seen": 0,
  "num_train_epochs": 3,
  "save_steps": 500,
  "total_flos": 900442276246800.0,
  "train_batch_size": 16,
  "trial_name": null,
  "trial_params": null
}
