{
    "eval_loss": 0.48249000310897827,
    "eval_statistics": {
        "total_samples": 1290,
        "y_true_distribution": {
            "count": {
                "0": 895,
                "1": 395,
                "-1": 0
            },
            "average": 0.3062015503875969
        },
        "y_pred_distribution": {
            "count": {
                "0": 784,
                "1": 506,
                "-1": 0
            },
            "average": 0.3922480620155039
        }
    },
    "eval_performance": {
        "accuracy": 0.8193798449612403,
        "pos_label=0": {
            "precision": 0.9221938775510204,
            "recall": 0.8078212290502793,
            "f1": 0.8612269207861822
        },
        "pos_label=1": {
            "precision": 0.6600790513833992,
            "recall": 0.8455696202531645,
            "f1": 0.7413984461709212
        },
        "macro": {
            "precision": 0.7911364644672099,
            "recall": 0.826695424651722,
            "f1": 0.8013126834785518
        }
    },
    "eval_runtime": 5.5134,
    "eval_samples_per_second": 233.976,
    "eval_steps_per_second": 3.809,
    "epoch": 3.0
}