{
  "best_metric": null,
  "best_model_checkpoint": null,
  "epoch": 3.0,
  "eval_steps": 500,
  "global_step": 222,
  "is_hyper_param_search": false,
  "is_local_process_zero": true,
  "is_world_process_zero": true,
  "log_history": [
    {
      "epoch": 1.0,
      "grad_norm": 6.325715065002441,
      "learning_rate": 1.48e-05,
      "loss": 0.579,
      "step": 74
    },
    {
      "epoch": 1.0,
      "eval_loss": 0.45242422819137573,
      "eval_performance": {
        "accuracy": 0.8007751937984496,
        "macro": {
          "f1": 0.7803929517484505,
          "precision": 0.771136267114284,
          "recall": 0.8033873134856092
        },
        "pos_label=0": {
          "f1": 0.8472964943553178,
          "precision": 0.9048223350253807,
          "recall": 0.7966480446927374
        },
        "pos_label=1": {
          "f1": 0.7134894091415831,
          "precision": 0.6374501992031872,
          "recall": 0.810126582278481
        }
      },
      "eval_runtime": 5.6937,
      "eval_samples_per_second": 226.567,
      "eval_statistics": {
        "total_samples": 1290,
        "y_pred_distribution": {
          "average": 0.3891472868217054,
          "count": {
            "-1": 0,
            "0": 788,
            "1": 502
          }
        },
        "y_true_distribution": {
          "average": 0.3062015503875969,
          "count": {
            "-1": 0,
            "0": 895,
            "1": 395
          }
        }
      },
      "eval_steps_per_second": 3.688,
      "step": 74
    },
    {
      "epoch": 2.0,
      "grad_norm": 5.189332008361816,
      "learning_rate": 1.2131147540983608e-05,
      "loss": 0.3576,
      "step": 148
    },
    {
      "epoch": 2.0,
      "eval_loss": 0.44842472672462463,
      "eval_performance": {
        "accuracy": 0.8085271317829458,
        "macro": {
          "f1": 0.7912619991758705,
          "precision": 0.7820989376756422,
          "recall": 0.8202885227353087
        },
        "pos_label=0": {
          "f1": 0.8512944009632751,
          "precision": 0.922976501305483,
          "recall": 0.7899441340782123
        },
        "pos_label=1": {
          "f1": 0.7312295973884657,
          "precision": 0.6412213740458015,
          "recall": 0.850632911392405
        }
      },
      "eval_runtime": 2.8586,
      "eval_samples_per_second": 451.269,
      "eval_statistics": {
        "total_samples": 1290,
        "y_pred_distribution": {
          "average": 0.4062015503875969,
          "count": {
            "-1": 0,
            "0": 766,
            "1": 524
          }
        },
        "y_true_distribution": {
          "average": 0.3062015503875969,
          "count": {
            "-1": 0,
            "0": 895,
            "1": 395
          }
        }
      },
      "eval_steps_per_second": 7.346,
      "step": 148
    },
    {
      "epoch": 3.0,
      "grad_norm": 8.95754337310791,
      "learning_rate": 0.0,
      "loss": 0.261,
      "step": 222
    },
    {
      "epoch": 3.0,
      "eval_loss": 0.45425742864608765,
      "eval_performance": {
        "accuracy": 0.8201550387596899,
        "macro": {
          "f1": 0.803457488028034,
          "precision": 0.7934969223964073,
          "recall": 0.8322042288381303
        },
        "pos_label=0": {
          "f1": 0.8607442977190877,
          "precision": 0.9299610894941635,
          "recall": 0.8011173184357542
        },
        "pos_label=1": {
          "f1": 0.7461706783369803,
          "precision": 0.6570327552986512,
          "recall": 0.8632911392405064
        }
      },
      "eval_runtime": 2.9715,
      "eval_samples_per_second": 434.117,
      "eval_statistics": {
        "total_samples": 1290,
        "y_pred_distribution": {
          "average": 0.40232558139534885,
          "count": {
            "-1": 0,
            "0": 771,
            "1": 519
          }
        },
        "y_true_distribution": {
          "average": 0.3062015503875969,
          "count": {
            "-1": 0,
            "0": 895,
            "1": 395
          }
        }
      },
      "eval_steps_per_second": 7.067,
      "step": 222
    }
  ],
  "logging_steps": 500,
  "max_steps": 222,
  "num_input_tokens_seen": 0,
  "num_train_epochs": 3,
  "save_steps": 500,
  "total_flos": 1458675357585120.0,
  "train_batch_size": 128,
  "trial_name": null,
  "trial_params": null
}
