{
  "best_metric": null,
  "best_model_checkpoint": null,
  "epoch": 3.0,
  "eval_steps": 500,
  "global_step": 957,
  "is_hyper_param_search": false,
  "is_local_process_zero": true,
  "is_world_process_zero": true,
  "log_history": [
    {
      "epoch": 1.0,
      "grad_norm": 8.832892417907715,
      "learning_rate": 1.4889148191365228e-05,
      "loss": 0.4868,
      "step": 319
    },
    {
      "epoch": 1.0,
      "eval_loss": 0.3696100115776062,
      "eval_performance": {
        "accuracy": 0.8503875968992248,
        "macro": {
          "f1": 0.8305887444296787,
          "precision": 0.8211617098412832,
          "recall": 0.8447988119652076
        },
        "pos_label=0": {
          "f1": 0.8885037550548815,
          "precision": 0.9198564593301436,
          "recall": 0.8592178770949721
        },
        "pos_label=1": {
          "f1": 0.7726737338044759,
          "precision": 0.7224669603524229,
          "recall": 0.830379746835443
        }
      },
      "eval_runtime": 1.4563,
      "eval_samples_per_second": 885.805,
      "eval_statistics": {
        "total_samples": 1290,
        "y_pred_distribution": {
          "average": 0.351937984496124,
          "count": {
            "-1": 0,
            "0": 836,
            "1": 454
          }
        },
        "y_true_distribution": {
          "average": 0.3062015503875969,
          "count": {
            "-1": 0,
            "0": 895,
            "1": 395
          }
        }
      },
      "eval_steps_per_second": 111.241,
      "step": 319
    },
    {
      "epoch": 2.0,
      "grad_norm": 6.6842851638793945,
      "learning_rate": 7.444574095682614e-06,
      "loss": 0.3319,
      "step": 638
    },
    {
      "epoch": 2.0,
      "eval_loss": 0.379151314496994,
      "eval_performance": {
        "accuracy": 0.858139534883721,
        "macro": {
          "f1": 0.831736611880862,
          "precision": 0.8344888245033113,
          "recall": 0.8291704971359876
        },
        "pos_label=0": {
          "f1": 0.8983897834536368,
          "precision": 0.8929359823399559,
          "recall": 0.9039106145251397
        },
        "pos_label=1": {
          "f1": 0.7650834403080873,
          "precision": 0.7760416666666666,
          "recall": 0.7544303797468355
        }
      },
      "eval_runtime": 1.4518,
      "eval_samples_per_second": 888.554,
      "eval_statistics": {
        "total_samples": 1290,
        "y_pred_distribution": {
          "average": 0.29767441860465116,
          "count": {
            "-1": 0,
            "0": 906,
            "1": 384
          }
        },
        "y_true_distribution": {
          "average": 0.3062015503875969,
          "count": {
            "-1": 0,
            "0": 895,
            "1": 395
          }
        }
      },
      "eval_steps_per_second": 111.586,
      "step": 638
    },
    {
      "epoch": 3.0,
      "grad_norm": 22.39586067199707,
      "learning_rate": 0.0,
      "loss": 0.2611,
      "step": 957
    },
    {
      "epoch": 3.0,
      "eval_loss": 0.39051398634910583,
      "eval_performance": {
        "accuracy": 0.8612403100775193,
        "macro": {
          "f1": 0.8354145001457612,
          "precision": 0.8381967439293598,
          "recall": 0.832819461141362
        },
        "pos_label=0": {
          "f1": 0.9006107717934481,
          "precision": 0.8951434878587197,
          "recall": 0.906145251396648
        },
        "pos_label=1": {
          "f1": 0.7702182284980744,
          "precision": 0.78125,
          "recall": 0.759493670886076
        }
      },
      "eval_runtime": 1.4516,
      "eval_samples_per_second": 888.687,
      "eval_statistics": {
        "total_samples": 1290,
        "y_pred_distribution": {
          "average": 0.29767441860465116,
          "count": {
            "-1": 0,
            "0": 906,
            "1": 384
          }
        },
        "y_true_distribution": {
          "average": 0.3062015503875969,
          "count": {
            "-1": 0,
            "0": 895,
            "1": 395
          }
        }
      },
      "eval_steps_per_second": 111.603,
      "step": 957
    }
  ],
  "logging_steps": 500,
  "max_steps": 957,
  "num_input_tokens_seen": 0,
  "num_train_epochs": 3,
  "save_steps": 500,
  "total_flos": 809837328402000.0,
  "train_batch_size": 16,
  "trial_name": null,
  "trial_params": null
}
