{
    "eval_loss": 0.4239872992038727,
    "eval_statistics": {
        "total_samples": 1290,
        "y_true_distribution": {
            "count": {
                "0": 895,
                "1": 395,
                "-1": 0
            },
            "average": 0.3062015503875969
        },
        "y_pred_distribution": {
            "count": {
                "0": 914,
                "1": 376,
                "-1": 0
            },
            "average": 0.29147286821705426
        }
    },
    "eval_performance": {
        "accuracy": 0.8472868217054264,
        "pos_label=0": {
            "precision": 0.8818380743982495,
            "recall": 0.9005586592178771,
            "f1": 0.8911000552791598
        },
        "pos_label=1": {
            "precision": 0.7632978723404256,
            "recall": 0.7265822784810126,
            "f1": 0.7444876783398184
        },
        "macro": {
            "precision": 0.8225679733693375,
            "recall": 0.813570468849445,
            "f1": 0.8177938668094891
        }
    },
    "eval_runtime": 3.9809,
    "eval_samples_per_second": 324.044,
    "eval_steps_per_second": 40.694,
    "epoch": 3.0
}