{
    "eval_loss": 0.7034246921539307,
    "eval_statistics": {
        "total_samples": 1290,
        "y_true_distribution": {
            "count": {
                "0": 895,
                "1": 395,
                "-1": 0
            },
            "average": 0.3062015503875969
        },
        "y_pred_distribution": {
            "count": {
                "0": 878,
                "1": 412,
                "-1": 0
            },
            "average": 0.31937984496124033
        }
    },
    "eval_performance": {
        "accuracy": 0.8488372093023255,
        "pos_label=0": {
            "precision": 0.8986332574031891,
            "recall": 0.8815642458100559,
            "f1": 0.8900169204737732
        },
        "pos_label=1": {
            "precision": 0.7427184466019418,
            "recall": 0.7746835443037975,
            "f1": 0.758364312267658
        },
        "macro": {
            "precision": 0.8206758520025654,
            "recall": 0.8281238950569267,
            "f1": 0.8241906163707156
        }
    },
    "eval_runtime": 30.9116,
    "eval_samples_per_second": 41.732,
    "eval_steps_per_second": 5.241,
    "epoch": 3.0
}