{
    "eval_loss": 0.3869679868221283,
    "eval_statistics": {
        "total_samples": 1290,
        "y_true_distribution": {
            "count": {
                "0": 895,
                "1": 395,
                "-1": 0
            },
            "average": 0.3062015503875969
        },
        "y_pred_distribution": {
            "count": {
                "0": 904,
                "1": 386,
                "-1": 0
            },
            "average": 0.2992248062015504
        }
    },
    "eval_performance": {
        "accuracy": 0.8627906976744186,
        "pos_label=0": {
            "precision": 0.8971238938053098,
            "recall": 0.906145251396648,
            "f1": 0.9016120066703724
        },
        "pos_label=1": {
            "precision": 0.7823834196891192,
            "recall": 0.7645569620253164,
            "f1": 0.7733674775928298
        },
        "macro": {
            "precision": 0.8397536567472145,
            "recall": 0.8353511067109822,
            "f1": 0.8374897421316011
        }
    },
    "eval_runtime": 1.4559,
    "eval_samples_per_second": 886.021,
    "eval_steps_per_second": 111.268,
    "epoch": 3.0
}