{
  "best_metric": null,
  "best_model_checkpoint": null,
  "epoch": 1.0,
  "eval_steps": 500,
  "global_step": 160,
  "is_hyper_param_search": false,
  "is_local_process_zero": true,
  "is_world_process_zero": true,
  "log_history": [
    {
      "epoch": 1.0,
      "grad_norm": 5.176830291748047,
      "learning_rate": 1.6842105263157896e-05,
      "loss": 0.4641,
      "step": 160
    },
    {
      "epoch": 1.0,
      "eval_loss": 0.372449666261673,
      "eval_performance": {
        "accuracy": 0.8403100775193798,
        "macro": {
          "f1": 0.8060767578170609,
          "precision": 0.8176840679523886,
          "recall": 0.7972279188176226
        },
        "pos_label=0": {
          "f1": 0.8875545851528385,
          "precision": 0.8676627534685165,
          "recall": 0.9083798882681564
        },
        "pos_label=1": {
          "f1": 0.7245989304812834,
          "precision": 0.7677053824362606,
          "recall": 0.6860759493670886
        }
      },
      "eval_runtime": 4.1543,
      "eval_samples_per_second": 310.519,
      "eval_statistics": {
        "total_samples": 1290,
        "y_pred_distribution": {
          "average": 0.27364341085271315,
          "count": {
            "-1": 0,
            "0": 937,
            "1": 353
          }
        },
        "y_true_distribution": {
          "average": 0.3062015503875969,
          "count": {
            "-1": 0,
            "0": 895,
            "1": 395
          }
        }
      },
      "eval_steps_per_second": 19.498,
      "step": 160
    }
  ],
  "logging_steps": 500,
  "max_steps": 480,
  "num_input_tokens_seen": 0,
  "num_train_epochs": 3,
  "save_steps": 500,
  "total_flos": 937573916504400.0,
  "train_batch_size": 32,
  "trial_name": null,
  "trial_params": null
}
