{
  "best_metric": null,
  "best_model_checkpoint": null,
  "epoch": 2.0,
  "eval_steps": 500,
  "global_step": 906,
  "is_hyper_param_search": false,
  "is_local_process_zero": true,
  "is_world_process_zero": true,
  "log_history": [
    {
      "epoch": 1.0,
      "grad_norm": 18.492877960205078,
      "learning_rate": 3.3333333333333335e-05,
      "loss": 0.7069,
      "step": 453
    },
    {
      "epoch": 1.0,
      "eval_loss": 0.6865373253822327,
      "eval_performance": {
        "accuracy": 0.6937984496124031,
        "macro": {
          "f1": 0.4096109839816934,
          "precision": 0.34689922480620156,
          "recall": 0.5
        },
        "pos_label=0": {
          "f1": 0.8192219679633868,
          "precision": 0.6937984496124031,
          "recall": 1.0
        },
        "pos_label=1": {
          "f1": 0.0,
          "precision": 0.0,
          "recall": 0.0
        }
      },
      "eval_runtime": 3.9189,
      "eval_samples_per_second": 329.177,
      "eval_statistics": {
        "total_samples": 1290,
        "y_pred_distribution": {
          "average": 0.0,
          "count": {
            "-1": 0,
            "0": 1290,
            "1": 0
          }
        },
        "y_true_distribution": {
          "average": 0.3062015503875969,
          "count": {
            "-1": 0,
            "0": 895,
            "1": 395
          }
        }
      },
      "eval_steps_per_second": 20.669,
      "step": 453
    },
    {
      "epoch": 2.0,
      "grad_norm": 18.015031814575195,
      "learning_rate": 1.6666666666666667e-05,
      "loss": 0.7046,
      "step": 906
    },
    {
      "epoch": 2.0,
      "eval_loss": 0.7051165699958801,
      "eval_performance": {
        "accuracy": 0.3062015503875969,
        "macro": {
          "f1": 0.2344213649851632,
          "precision": 0.15310077519379844,
          "recall": 0.5
        },
        "pos_label=0": {
          "f1": 0.0,
          "precision": 0.0,
          "recall": 0.0
        },
        "pos_label=1": {
          "f1": 0.4688427299703264,
          "precision": 0.3062015503875969,
          "recall": 1.0
        }
      },
      "eval_runtime": 3.8441,
      "eval_samples_per_second": 335.578,
      "eval_statistics": {
        "total_samples": 1290,
        "y_pred_distribution": {
          "average": 1.0,
          "count": {
            "-1": 0,
            "0": 0,
            "1": 1290
          }
        },
        "y_true_distribution": {
          "average": 0.3062015503875969,
          "count": {
            "-1": 0,
            "0": 895,
            "1": 395
          }
        }
      },
      "eval_steps_per_second": 21.071,
      "step": 906
    }
  ],
  "logging_steps": 500,
  "max_steps": 1359,
  "num_input_tokens_seen": 0,
  "num_train_epochs": 3,
  "save_steps": 500,
  "total_flos": 2554431147595824.0,
  "train_batch_size": 16,
  "trial_name": null,
  "trial_params": null
}
