{
  "best_metric": null,
  "best_model_checkpoint": null,
  "epoch": 1.0,
  "eval_steps": 500,
  "global_step": 333,
  "is_hyper_param_search": false,
  "is_local_process_zero": true,
  "is_world_process_zero": true,
  "log_history": [
    {
      "epoch": 1.0,
      "grad_norm": 16.385313034057617,
      "learning_rate": 1.481646273637375e-05,
      "loss": 0.5045,
      "step": 333
    },
    {
      "epoch": 1.0,
      "eval_loss": 0.38961878418922424,
      "eval_performance": {
        "accuracy": 0.8317829457364341,
        "macro": {
          "f1": 0.7935733643050716,
          "precision": 0.8093034055727554,
          "recall": 0.7825967046177782
        },
        "pos_label=0": {
          "f1": 0.8823848238482385,
          "precision": 0.8568421052631578,
          "recall": 0.9094972067039107
        },
        "pos_label=1": {
          "f1": 0.7047619047619048,
          "precision": 0.7617647058823529,
          "recall": 0.6556962025316456
        }
      },
      "eval_runtime": 3.949,
      "eval_samples_per_second": 326.663,
      "eval_statistics": {
        "total_samples": 1290,
        "y_pred_distribution": {
          "average": 0.26356589147286824,
          "count": {
            "-1": 0,
            "0": 950,
            "1": 340
          }
        },
        "y_true_distribution": {
          "average": 0.3062015503875969,
          "count": {
            "-1": 0,
            "0": 895,
            "1": 395
          }
        }
      },
      "eval_steps_per_second": 41.023,
      "step": 333
    }
  ],
  "logging_steps": 500,
  "max_steps": 999,
  "num_input_tokens_seen": 0,
  "num_train_epochs": 3,
  "save_steps": 500,
  "total_flos": 1190828084667228.0,
  "train_batch_size": 16,
  "trial_name": null,
  "trial_params": null
}
