{
  "best_metric": null,
  "best_model_checkpoint": null,
  "epoch": 1.0,
  "eval_steps": 500,
  "global_step": 453,
  "is_hyper_param_search": false,
  "is_local_process_zero": true,
  "is_world_process_zero": true,
  "log_history": [
    {
      "epoch": 1.0,
      "grad_norm": 3.093837261199951,
      "learning_rate": 7.196187450357426e-05,
      "loss": 0.4518,
      "step": 453
    },
    {
      "epoch": 1.0,
      "eval_loss": 0.4209337830543518,
      "eval_performance": {
        "accuracy": 0.8248062015503876,
        "macro": {
          "f1": 0.8053332051312869,
          "precision": 0.7950370914000628,
          "recall": 0.8263630577752634
        },
        "pos_label=0": {
          "f1": 0.866902237926973,
          "precision": 0.9165628891656289,
          "recall": 0.8223463687150838
        },
        "pos_label=1": {
          "f1": 0.7437641723356009,
          "precision": 0.6735112936344969,
          "recall": 0.830379746835443
        }
      },
      "eval_runtime": 9.9395,
      "eval_samples_per_second": 129.785,
      "eval_statistics": {
        "total_samples": 1290,
        "y_pred_distribution": {
          "average": 0.37751937984496126,
          "count": {
            "-1": 0,
            "0": 803,
            "1": 487
          }
        },
        "y_true_distribution": {
          "average": 0.3062015503875969,
          "count": {
            "-1": 0,
            "0": 895,
            "1": 395
          }
        }
      },
      "eval_steps_per_second": 16.299,
      "step": 453
    }
  ],
  "logging_steps": 500,
  "max_steps": 1359,
  "num_input_tokens_seen": 0,
  "num_train_epochs": 3,
  "save_steps": 500,
  "total_flos": 3002268816682800.0,
  "train_batch_size": 16,
  "trial_name": null,
  "trial_params": null
}
