{
  "best_metric": null,
  "best_model_checkpoint": null,
  "epoch": 1.0,
  "eval_steps": 500,
  "global_step": 74,
  "is_hyper_param_search": false,
  "is_local_process_zero": true,
  "is_world_process_zero": true,
  "log_history": [
    {
      "epoch": 1.0,
      "grad_norm": 12.62869644165039,
      "learning_rate": 1.48e-05,
      "loss": 0.6041,
      "step": 74
    },
    {
      "epoch": 1.0,
      "eval_loss": 0.41664886474609375,
      "eval_performance": {
        "accuracy": 0.8209302325581396,
        "macro": {
          "f1": 0.800258064516129,
          "precision": 0.7903549382716049,
          "recall": 0.8193267802842797
        },
        "pos_label=0": {
          "f1": 0.864516129032258,
          "precision": 0.9098765432098765,
          "recall": 0.823463687150838
        },
        "pos_label=1": {
          "f1": 0.736,
          "precision": 0.6708333333333333,
          "recall": 0.8151898734177215
        }
      },
      "eval_runtime": 5.8391,
      "eval_samples_per_second": 220.926,
      "eval_statistics": {
        "total_samples": 1290,
        "y_pred_distribution": {
          "average": 0.37209302325581395,
          "count": {
            "-1": 0,
            "0": 810,
            "1": 480
          }
        },
        "y_true_distribution": {
          "average": 0.3062015503875969,
          "count": {
            "-1": 0,
            "0": 895,
            "1": 395
          }
        }
      },
      "eval_steps_per_second": 3.596,
      "step": 74
    }
  ],
  "logging_steps": 500,
  "max_steps": 222,
  "num_input_tokens_seen": 0,
  "num_train_epochs": 3,
  "save_steps": 500,
  "total_flos": 466968678830880.0,
  "train_batch_size": 128,
  "trial_name": null,
  "trial_params": null
}
