{
    "eval_loss": 0.6642001867294312,
    "eval_statistics": {
        "total_samples": 1290,
        "y_true_distribution": {
            "count": {
                "0": 895,
                "1": 395,
                "-1": 0
            },
            "average": 0.3062015503875969
        },
        "y_pred_distribution": {
            "count": {
                "0": 889,
                "1": 401,
                "-1": 0
            },
            "average": 0.31085271317829455
        }
    },
    "eval_performance": {
        "accuracy": 0.8387596899224806,
        "pos_label=0": {
            "precision": 0.8863892013498312,
            "recall": 0.8804469273743016,
            "f1": 0.8834080717488789
        },
        "pos_label=1": {
            "precision": 0.7331670822942643,
            "recall": 0.7443037974683544,
            "f1": 0.7386934673366834
        },
        "macro": {
            "precision": 0.8097781418220478,
            "recall": 0.812375362421328,
            "f1": 0.8110507695427811
        }
    },
    "eval_runtime": 3.9848,
    "eval_samples_per_second": 323.733,
    "eval_steps_per_second": 40.655,
    "epoch": 3.0
}