{
  "best_metric": null,
  "best_model_checkpoint": null,
  "epoch": 2.0,
  "eval_steps": 500,
  "global_step": 148,
  "is_hyper_param_search": false,
  "is_local_process_zero": true,
  "is_world_process_zero": true,
  "log_history": [
    {
      "epoch": 1.0,
      "grad_norm": 53.50275802612305,
      "learning_rate": 1.48e-05,
      "loss": 0.5797,
      "step": 74
    },
    {
      "epoch": 1.0,
      "eval_loss": 0.4196949601173401,
      "eval_performance": {
        "accuracy": 0.8503875968992248,
        "macro": {
          "f1": 0.8264605038549231,
          "precision": 0.8221951461010386,
          "recall": 0.8313627041934799
        },
        "pos_label=0": {
          "f1": 0.8908988128886377,
          "precision": 0.9016018306636155,
          "recall": 0.8804469273743016
        },
        "pos_label=1": {
          "f1": 0.7620221948212084,
          "precision": 0.7427884615384616,
          "recall": 0.7822784810126582
        }
      },
      "eval_runtime": 8.3758,
      "eval_samples_per_second": 154.016,
      "eval_statistics": {
        "total_samples": 1290,
        "y_pred_distribution": {
          "average": 0.32248062015503876,
          "count": {
            "-1": 0,
            "0": 874,
            "1": 416
          }
        },
        "y_true_distribution": {
          "average": 0.3062015503875969,
          "count": {
            "-1": 0,
            "0": 895,
            "1": 395
          }
        }
      },
      "eval_steps_per_second": 2.507,
      "step": 74
    },
    {
      "epoch": 2.0,
      "grad_norm": 24.413272857666016,
      "learning_rate": 1.2131147540983608e-05,
      "loss": 0.3587,
      "step": 148
    },
    {
      "epoch": 2.0,
      "eval_loss": 0.4028685688972473,
      "eval_performance": {
        "accuracy": 0.8465116279069768,
        "macro": {
          "f1": 0.8248128923225495,
          "precision": 0.8169194650769613,
          "recall": 0.8356410437734247
        },
        "pos_label=0": {
          "f1": 0.8864678899082569,
          "precision": 0.9104829210836278,
          "recall": 0.8636871508379889
        },
        "pos_label=1": {
          "f1": 0.7631578947368421,
          "precision": 0.7233560090702947,
          "recall": 0.8075949367088607
        }
      },
      "eval_runtime": 5.5949,
      "eval_samples_per_second": 230.568,
      "eval_statistics": {
        "total_samples": 1290,
        "y_pred_distribution": {
          "average": 0.34186046511627904,
          "count": {
            "-1": 0,
            "0": 849,
            "1": 441
          }
        },
        "y_true_distribution": {
          "average": 0.3062015503875969,
          "count": {
            "-1": 0,
            "0": 895,
            "1": 395
          }
        }
      },
      "eval_steps_per_second": 3.753,
      "step": 148
    }
  ],
  "logging_steps": 500,
  "max_steps": 222,
  "num_input_tokens_seen": 0,
  "num_train_epochs": 3,
  "save_steps": 500,
  "total_flos": 3307977742698048.0,
  "train_batch_size": 128,
  "trial_name": null,
  "trial_params": null
}
