{
  "best_metric": null,
  "best_model_checkpoint": null,
  "epoch": 3.0,
  "eval_steps": 500,
  "global_step": 681,
  "is_hyper_param_search": false,
  "is_local_process_zero": true,
  "is_world_process_zero": true,
  "log_history": [
    {
      "epoch": 1.0,
      "grad_norm": 26.65703773498535,
      "learning_rate": 1.5628227194492257e-05,
      "loss": 0.5227,
      "step": 227
    },
    {
      "epoch": 1.0,
      "eval_loss": 0.4099870026111603,
      "eval_performance": {
        "accuracy": 0.8356589147286821,
        "macro": {
          "f1": 0.8165848895136563,
          "precision": 0.8060540223286801,
          "recall": 0.8363057775263418
        },
        "pos_label=0": {
          "f1": 0.8757327080890973,
          "precision": 0.9210850801479655,
          "recall": 0.8346368715083798
        },
        "pos_label=1": {
          "f1": 0.7574370709382151,
          "precision": 0.6910229645093946,
          "recall": 0.8379746835443038
        }
      },
      "eval_runtime": 3.8808,
      "eval_samples_per_second": 332.408,
      "eval_statistics": {
        "total_samples": 1290,
        "y_pred_distribution": {
          "average": 0.37131782945736436,
          "count": {
            "-1": 0,
            "0": 811,
            "1": 479
          }
        },
        "y_true_distribution": {
          "average": 0.3062015503875969,
          "count": {
            "-1": 0,
            "0": 895,
            "1": 395
          }
        }
      },
      "eval_steps_per_second": 20.872,
      "step": 227
    },
    {
      "epoch": 2.0,
      "grad_norm": 13.277576446533203,
      "learning_rate": 7.814113597246129e-06,
      "loss": 0.3378,
      "step": 454
    },
    {
      "epoch": 2.0,
      "eval_loss": 0.389610230922699,
      "eval_performance": {
        "accuracy": 0.8527131782945736,
        "macro": {
          "f1": 0.8337182260021003,
          "precision": 0.8237496362363638,
          "recall": 0.849303443886571
        },
        "pos_label=0": {
          "f1": 0.8899188876013905,
          "precision": 0.924187725631769,
          "recall": 0.8581005586592179
        },
        "pos_label=1": {
          "f1": 0.7775175644028103,
          "precision": 0.7233115468409586,
          "recall": 0.8405063291139241
        }
      },
      "eval_runtime": 3.7969,
      "eval_samples_per_second": 339.754,
      "eval_statistics": {
        "total_samples": 1290,
        "y_pred_distribution": {
          "average": 0.3558139534883721,
          "count": {
            "-1": 0,
            "0": 831,
            "1": 459
          }
        },
        "y_true_distribution": {
          "average": 0.3062015503875969,
          "count": {
            "-1": 0,
            "0": 895,
            "1": 395
          }
        }
      },
      "eval_steps_per_second": 21.333,
      "step": 454
    },
    {
      "epoch": 3.0,
      "grad_norm": 1.0483520030975342,
      "learning_rate": 0.0,
      "loss": 0.2326,
      "step": 681
    },
    {
      "epoch": 3.0,
      "eval_loss": 0.44073906540870667,
      "eval_performance": {
        "accuracy": 0.8527131782945736,
        "macro": {
          "f1": 0.8292718944341663,
          "precision": 0.8247917130213356,
          "recall": 0.8344530089809773
        },
        "pos_label=0": {
          "f1": 0.8925339366515838,
          "precision": 0.9037800687285223,
          "recall": 0.8815642458100559
        },
        "pos_label=1": {
          "f1": 0.7660098522167488,
          "precision": 0.7458033573141487,
          "recall": 0.7873417721518987
        }
      },
      "eval_runtime": 3.8842,
      "eval_samples_per_second": 332.115,
      "eval_statistics": {
        "total_samples": 1290,
        "y_pred_distribution": {
          "average": 0.32325581395348835,
          "count": {
            "-1": 0,
            "0": 873,
            "1": 417
          }
        },
        "y_true_distribution": {
          "average": 0.3062015503875969,
          "count": {
            "-1": 0,
            "0": 895,
            "1": 395
          }
        }
      },
      "eval_steps_per_second": 20.854,
      "step": 681
    }
  ],
  "logging_steps": 500,
  "max_steps": 681,
  "num_input_tokens_seen": 0,
  "num_train_epochs": 3,
  "save_steps": 500,
  "total_flos": 3831646721393736.0,
  "train_batch_size": 32,
  "trial_name": null,
  "trial_params": null
}
