{
  "best_metric": null,
  "best_model_checkpoint": null,
  "epoch": 1.0,
  "eval_steps": 500,
  "global_step": 453,
  "is_hyper_param_search": false,
  "is_local_process_zero": true,
  "is_world_process_zero": true,
  "log_history": [
    {
      "epoch": 1.0,
      "grad_norm": 9.782708168029785,
      "learning_rate": 3.3333333333333335e-05,
      "loss": 0.4532,
      "step": 453
    },
    {
      "epoch": 1.0,
      "eval_loss": 0.4065752327442169,
      "eval_performance": {
        "accuracy": 0.8240310077519379,
        "macro": {
          "f1": 0.8052084116333478,
          "precision": 0.7948192378898542,
          "recall": 0.8279258892581854
        },
        "pos_label=0": {
          "f1": 0.8657599053814311,
          "precision": 0.9195979899497487,
          "recall": 0.8178770949720671
        },
        "pos_label=1": {
          "f1": 0.7446569178852643,
          "precision": 0.6700404858299596,
          "recall": 0.8379746835443038
        }
      },
      "eval_runtime": 2.6296,
      "eval_samples_per_second": 490.569,
      "eval_statistics": {
        "total_samples": 1290,
        "y_pred_distribution": {
          "average": 0.3829457364341085,
          "count": {
            "-1": 0,
            "0": 796,
            "1": 494
          }
        },
        "y_true_distribution": {
          "average": 0.3062015503875969,
          "count": {
            "-1": 0,
            "0": 895,
            "1": 395
          }
        }
      },
      "eval_steps_per_second": 30.803,
      "step": 453
    }
  ],
  "logging_steps": 500,
  "max_steps": 1359,
  "num_input_tokens_seen": 0,
  "num_train_epochs": 3,
  "save_steps": 500,
  "total_flos": 360594729148440.0,
  "train_batch_size": 16,
  "trial_name": null,
  "trial_params": null
}
