{
    "eval_loss": 0.36568668484687805,
    "eval_statistics": {
        "total_samples": 1290,
        "y_true_distribution": {
            "count": {
                "0": 895,
                "1": 395,
                "-1": 0
            },
            "average": 0.3062015503875969
        },
        "y_pred_distribution": {
            "count": {
                "0": 888,
                "1": 402,
                "-1": 0
            },
            "average": 0.3116279069767442
        }
    },
    "eval_performance": {
        "accuracy": 0.8612403100775193,
        "pos_label=0": {
            "precision": 0.9031531531531531,
            "recall": 0.8960893854748604,
            "f1": 0.8996074032529445
        },
        "pos_label=1": {
            "precision": 0.7686567164179104,
            "recall": 0.7822784810126582,
            "f1": 0.7754077791718946
        },
        "macro": {
            "precision": 0.8359049347855319,
            "recall": 0.8391839332437593,
            "f1": 0.8375075912124196
        }
    },
    "eval_runtime": 1.4527,
    "eval_samples_per_second": 888.025,
    "eval_steps_per_second": 111.519,
    "epoch": 3.0
}