{
  "best_metric": null,
  "best_model_checkpoint": null,
  "epoch": 1.0,
  "eval_steps": 500,
  "global_step": 319,
  "is_hyper_param_search": false,
  "is_local_process_zero": true,
  "is_world_process_zero": true,
  "log_history": [
    {
      "epoch": 1.0,
      "grad_norm": 3.5409200191497803,
      "learning_rate": 7.444574095682614e-05,
      "loss": 0.4814,
      "step": 319
    },
    {
      "epoch": 1.0,
      "eval_loss": 0.4338584840297699,
      "eval_performance": {
        "accuracy": 0.8372093023255814,
        "macro": {
          "f1": 0.8035453216374269,
          "precision": 0.8124543413374522,
          "recall": 0.7964076090799802
        },
        "pos_label=0": {
          "f1": 0.8848684210526315,
          "precision": 0.868675995694295,
          "recall": 0.9016759776536313
        },
        "pos_label=1": {
          "f1": 0.7222222222222222,
          "precision": 0.7562326869806094,
          "recall": 0.6911392405063291
        }
      },
      "eval_runtime": 4.4898,
      "eval_samples_per_second": 287.315,
      "eval_statistics": {
        "total_samples": 1290,
        "y_pred_distribution": {
          "average": 0.27984496124031005,
          "count": {
            "-1": 0,
            "0": 929,
            "1": 361
          }
        },
        "y_true_distribution": {
          "average": 0.3062015503875969,
          "count": {
            "-1": 0,
            "0": 895,
            "1": 395
          }
        }
      },
      "eval_steps_per_second": 36.081,
      "step": 319
    }
  ],
  "logging_steps": 500,
  "max_steps": 957,
  "num_input_tokens_seen": 0,
  "num_train_epochs": 3,
  "save_steps": 500,
  "total_flos": 626642798598000.0,
  "train_batch_size": 16,
  "trial_name": null,
  "trial_params": null
}
