{
    "eval_loss": 0.43806371092796326,
    "eval_statistics": {
        "total_samples": 1290,
        "y_true_distribution": {
            "count": {
                "0": 895,
                "1": 395,
                "-1": 0
            },
            "average": 0.3062015503875969
        },
        "y_pred_distribution": {
            "count": {
                "0": 918,
                "1": 372,
                "-1": 0
            },
            "average": 0.28837209302325584
        }
    },
    "eval_performance": {
        "accuracy": 0.8534883720930233,
        "pos_label=0": {
            "precision": 0.8845315904139434,
            "recall": 0.9072625698324023,
            "f1": 0.8957528957528957
        },
        "pos_label=1": {
            "precision": 0.7768817204301075,
            "recall": 0.7316455696202532,
            "f1": 0.7535853976531942
        },
        "macro": {
            "precision": 0.8307066554220255,
            "recall": 0.8194540697263277,
            "f1": 0.8246691467030449
        }
    },
    "eval_runtime": 30.9173,
    "eval_samples_per_second": 41.724,
    "eval_steps_per_second": 5.24,
    "epoch": 3.0
}