{
    "eval_loss": 0.39459681510925293,
    "eval_statistics": {
        "total_samples": 1290,
        "y_true_distribution": {
            "count": {
                "0": 895,
                "1": 395,
                "-1": 0
            },
            "average": 0.3062015503875969
        },
        "y_pred_distribution": {
            "count": {
                "0": 923,
                "1": 367,
                "-1": 0
            },
            "average": 0.28449612403100777
        }
    },
    "eval_performance": {
        "accuracy": 0.8449612403100775,
        "pos_label=0": {
            "precision": 0.8764897074756229,
            "recall": 0.9039106145251397,
            "f1": 0.88998899889989
        },
        "pos_label=1": {
            "precision": 0.7656675749318801,
            "recall": 0.7113924050632912,
            "f1": 0.7375328083989501
        },
        "macro": {
            "precision": 0.8210786412037515,
            "recall": 0.8076515097942154,
            "f1": 0.81376090364942
        }
    },
    "eval_runtime": 4.209,
    "eval_samples_per_second": 306.488,
    "eval_steps_per_second": 19.245,
    "epoch": 3.0
}