{
    "eval_loss": 0.40196987986564636,
    "eval_statistics": {
        "total_samples": 1290,
        "y_true_distribution": {
            "count": {
                "0": 895,
                "1": 395,
                "-1": 0
            },
            "average": 0.3062015503875969
        },
        "y_pred_distribution": {
            "count": {
                "0": 907,
                "1": 383,
                "-1": 0
            },
            "average": 0.29689922480620157
        }
    },
    "eval_performance": {
        "accuracy": 0.8449612403100775,
        "pos_label=0": {
            "precision": 0.8831312017640573,
            "recall": 0.8949720670391061,
            "f1": 0.8890122086570478
        },
        "pos_label=1": {
            "precision": 0.7545691906005222,
            "recall": 0.7316455696202532,
            "f1": 0.7429305912596401
        },
        "macro": {
            "precision": 0.8188501961822898,
            "recall": 0.8133088183296797,
            "f1": 0.815971399958344
        }
    },
    "eval_runtime": 5.7883,
    "eval_samples_per_second": 222.863,
    "eval_steps_per_second": 7.083,
    "epoch": 3.0
}