{
    "eval_loss": 0.5352886319160461,
    "eval_statistics": {
        "total_samples": 1290,
        "y_true_distribution": {
            "count": {
                "0": 895,
                "1": 395,
                "-1": 0
            },
            "average": 0.3062015503875969
        },
        "y_pred_distribution": {
            "count": {
                "0": 931,
                "1": 359,
                "-1": 0
            },
            "average": 0.27829457364341087
        }
    },
    "eval_performance": {
        "accuracy": 0.8325581395348837,
        "pos_label=0": {
            "precision": 0.8646616541353384,
            "recall": 0.8994413407821229,
            "f1": 0.8817086527929902
        },
        "pos_label=1": {
            "precision": 0.7493036211699164,
            "recall": 0.6810126582278481,
            "f1": 0.713527851458886
        },
        "macro": {
            "precision": 0.8069826376526275,
            "recall": 0.7902269995049855,
            "f1": 0.7976182521259381
        }
    },
    "eval_runtime": 3.9874,
    "eval_samples_per_second": 323.519,
    "eval_steps_per_second": 40.628,
    "epoch": 3.0
}