{
    "eval_loss": 0.6225545406341553,
    "eval_statistics": {
        "total_samples": 1290,
        "y_true_distribution": {
            "count": {
                "0": 895,
                "1": 395,
                "-1": 0
            },
            "average": 0.3062015503875969
        },
        "y_pred_distribution": {
            "count": {
                "0": 873,
                "1": 417,
                "-1": 0
            },
            "average": 0.32325581395348835
        }
    },
    "eval_performance": {
        "accuracy": 0.834108527131783,
        "pos_label=0": {
            "precision": 0.8900343642611683,
            "recall": 0.8681564245810056,
            "f1": 0.8789592760180995
        },
        "pos_label=1": {
            "precision": 0.7170263788968825,
            "recall": 0.7569620253164557,
            "f1": 0.7364532019704434
        },
        "macro": {
            "precision": 0.8035303715790254,
            "recall": 0.8125592249487307,
            "f1": 0.8077062389942715
        }
    },
    "eval_runtime": 1.4284,
    "eval_samples_per_second": 903.081,
    "eval_steps_per_second": 113.41,
    "epoch": 3.0
}