{
    "eval_loss": 0.41697272658348083,
    "eval_statistics": {
        "total_samples": 1290,
        "y_true_distribution": {
            "count": {
                "0": 895,
                "1": 395,
                "-1": 0
            },
            "average": 0.3062015503875969
        },
        "y_pred_distribution": {
            "count": {
                "0": 896,
                "1": 394,
                "-1": 0
            },
            "average": 0.3054263565891473
        }
    },
    "eval_performance": {
        "accuracy": 0.858139534883721,
        "pos_label=0": {
            "precision": 0.8973214285714286,
            "recall": 0.8983240223463688,
            "f1": 0.897822445561139
        },
        "pos_label=1": {
            "precision": 0.7690355329949239,
            "recall": 0.7670886075949367,
            "f1": 0.7680608365019012
        },
        "macro": {
            "precision": 0.8331784807831762,
            "recall": 0.8327063149706527,
            "f1": 0.83294164103152
        }
    },
    "eval_runtime": 1.3044,
    "eval_samples_per_second": 988.983,
    "eval_steps_per_second": 124.198,
    "epoch": 3.0
}