{
    "eval_loss": 0.43238893151283264,
    "eval_statistics": {
        "total_samples": 1290,
        "y_true_distribution": {
            "count": {
                "0": 895,
                "1": 395,
                "-1": 0
            },
            "average": 0.3062015503875969
        },
        "y_pred_distribution": {
            "count": {
                "0": 893,
                "1": 397,
                "-1": 0
            },
            "average": 0.3077519379844961
        }
    },
    "eval_performance": {
        "accuracy": 0.8511627906976744,
        "pos_label=0": {
            "precision": 0.8936170212765957,
            "recall": 0.8916201117318435,
            "f1": 0.8926174496644296
        },
        "pos_label=1": {
            "precision": 0.7556675062972292,
            "recall": 0.759493670886076,
            "f1": 0.7575757575757576
        },
        "macro": {
            "precision": 0.8246422637869124,
            "recall": 0.8255568913089597,
            "f1": 0.8250966036200935
        }
    },
    "eval_runtime": 1.4351,
    "eval_samples_per_second": 898.92,
    "eval_steps_per_second": 112.888,
    "epoch": 3.0
}