{
    "eval_loss": 0.38107427954673767,
    "eval_statistics": {
        "total_samples": 1290,
        "y_true_distribution": {
            "count": {
                "0": 895,
                "1": 395,
                "-1": 0
            },
            "average": 0.3062015503875969
        },
        "y_pred_distribution": {
            "count": {
                "0": 902,
                "1": 388,
                "-1": 0
            },
            "average": 0.30077519379844964
        }
    },
    "eval_performance": {
        "accuracy": 0.8550387596899225,
        "pos_label=0": {
            "precision": 0.8924611973392461,
            "recall": 0.8994413407821229,
            "f1": 0.895937673900946
        },
        "pos_label=1": {
            "precision": 0.7680412371134021,
            "recall": 0.7544303797468355,
            "f1": 0.7611749680715197
        },
        "macro": {
            "precision": 0.8302512172263241,
            "recall": 0.8269358602644792,
            "f1": 0.8285563209862329
        }
    },
    "eval_runtime": 2.0789,
    "eval_samples_per_second": 620.507,
    "eval_steps_per_second": 38.962,
    "epoch": 3.0
}