{
    "eval_loss": 0.4290904104709625,
    "eval_statistics": {
        "total_samples": 1290,
        "y_true_distribution": {
            "count": {
                "0": 895,
                "1": 395,
                "-1": 0
            },
            "average": 0.3062015503875969
        },
        "y_pred_distribution": {
            "count": {
                "0": 890,
                "1": 400,
                "-1": 0
            },
            "average": 0.31007751937984496
        }
    },
    "eval_performance": {
        "accuracy": 0.8395348837209302,
        "pos_label=0": {
            "precision": 0.8865168539325843,
            "recall": 0.8815642458100559,
            "f1": 0.8840336134453781
        },
        "pos_label=1": {
            "precision": 0.735,
            "recall": 0.7443037974683544,
            "f1": 0.7396226415094339
        },
        "macro": {
            "precision": 0.8107584269662922,
            "recall": 0.8129340216392051,
            "f1": 0.811828127477406
        }
    },
    "eval_runtime": 3.058,
    "eval_samples_per_second": 421.846,
    "eval_steps_per_second": 13.407,
    "epoch": 3.0
}