{
  "best_metric": null,
  "best_model_checkpoint": null,
  "epoch": 1.0,
  "eval_steps": 500,
  "global_step": 453,
  "is_hyper_param_search": false,
  "is_local_process_zero": true,
  "is_world_process_zero": true,
  "log_history": [
    {
      "epoch": 1.0,
      "grad_norm": 5.214906215667725,
      "learning_rate": 3.3333333333333335e-05,
      "loss": 0.4551,
      "step": 453
    },
    {
      "epoch": 1.0,
      "eval_loss": 0.37135380506515503,
      "eval_performance": {
        "accuracy": 0.837984496124031,
        "macro": {
          "f1": 0.8092065736370913,
          "precision": 0.809426554568528,
          "recall": 0.8089880489357189
        },
        "pos_label=0": {
          "f1": 0.8833054159687326,
          "precision": 0.8828125,
          "recall": 0.8837988826815643
        },
        "pos_label=1": {
          "f1": 0.7351077313054499,
          "precision": 0.7360406091370558,
          "recall": 0.7341772151898734
        }
      },
      "eval_runtime": 2.6103,
      "eval_samples_per_second": 494.204,
      "eval_statistics": {
        "total_samples": 1290,
        "y_pred_distribution": {
          "average": 0.3054263565891473,
          "count": {
            "-1": 0,
            "0": 896,
            "1": 394
          }
        },
        "y_true_distribution": {
          "average": 0.3062015503875969,
          "count": {
            "-1": 0,
            "0": 895,
            "1": 395
          }
        }
      },
      "eval_steps_per_second": 31.031,
      "step": 453
    }
  ],
  "logging_steps": 500,
  "max_steps": 1359,
  "num_input_tokens_seen": 0,
  "num_train_epochs": 3,
  "save_steps": 500,
  "total_flos": 375464614886520.0,
  "train_batch_size": 16,
  "trial_name": null,
  "trial_params": null
}
