{
  "best_metric": null,
  "best_model_checkpoint": null,
  "epoch": 2.0,
  "eval_steps": 500,
  "global_step": 638,
  "is_hyper_param_search": false,
  "is_local_process_zero": true,
  "is_world_process_zero": true,
  "log_history": [
    {
      "epoch": 1.0,
      "grad_norm": 2.957258939743042,
      "learning_rate": 7.444574095682614e-05,
      "loss": 0.4667,
      "step": 319
    },
    {
      "epoch": 1.0,
      "eval_loss": 0.38789886236190796,
      "eval_performance": {
        "accuracy": 0.8209302325581396,
        "macro": {
          "f1": 0.7914513165952235,
          "precision": 0.7886363636363636,
          "recall": 0.7945760554416237
        },
        "pos_label=0": {
          "f1": 0.8698591549295774,
          "precision": 0.8772727272727273,
          "recall": 0.8625698324022346
        },
        "pos_label=1": {
          "f1": 0.7130434782608696,
          "precision": 0.7,
          "recall": 0.7265822784810126
        }
      },
      "eval_runtime": 11.9876,
      "eval_samples_per_second": 107.611,
      "eval_statistics": {
        "total_samples": 1290,
        "y_pred_distribution": {
          "average": 0.3178294573643411,
          "count": {
            "-1": 0,
            "0": 880,
            "1": 410
          }
        },
        "y_true_distribution": {
          "average": 0.3062015503875969,
          "count": {
            "-1": 0,
            "0": 895,
            "1": 395
          }
        }
      },
      "eval_steps_per_second": 13.514,
      "step": 319
    },
    {
      "epoch": 2.0,
      "grad_norm": 2.7456347942352295,
      "learning_rate": 3.722287047841307e-05,
      "loss": 0.335,
      "step": 638
    },
    {
      "epoch": 2.0,
      "eval_loss": 0.38700950145721436,
      "eval_performance": {
        "accuracy": 0.8465116279069768,
        "macro": {
          "f1": 0.8175446316318833,
          "precision": 0.8209592612804587,
          "recall": 0.8144261367654339
        },
        "pos_label=0": {
          "f1": 0.8902439024390244,
          "precision": 0.8833883388338833,
          "recall": 0.8972067039106145
        },
        "pos_label=1": {
          "f1": 0.7448453608247423,
          "precision": 0.7585301837270341,
          "recall": 0.7316455696202532
        }
      },
      "eval_runtime": 11.7205,
      "eval_samples_per_second": 110.063,
      "eval_statistics": {
        "total_samples": 1290,
        "y_pred_distribution": {
          "average": 0.29534883720930233,
          "count": {
            "-1": 0,
            "0": 909,
            "1": 381
          }
        },
        "y_true_distribution": {
          "average": 0.3062015503875969,
          "count": {
            "-1": 0,
            "0": 895,
            "1": 395
          }
        }
      },
      "eval_steps_per_second": 13.822,
      "step": 638
    }
  ],
  "logging_steps": 500,
  "max_steps": 957,
  "num_input_tokens_seen": 0,
  "num_train_epochs": 3,
  "save_steps": 500,
  "total_flos": 4449204745740000.0,
  "train_batch_size": 16,
  "trial_name": null,
  "trial_params": null
}
