{
    "eval_loss": 0.5183922648429871,
    "eval_statistics": {
        "total_samples": 1290,
        "y_true_distribution": {
            "count": {
                "0": 895,
                "1": 395,
                "-1": 0
            },
            "average": 0.3062015503875969
        },
        "y_pred_distribution": {
            "count": {
                "0": 926,
                "1": 364,
                "-1": 0
            },
            "average": 0.28217054263565894
        }
    },
    "eval_performance": {
        "accuracy": 0.8503875968992248,
        "pos_label=0": {
            "precision": 0.8790496760259179,
            "recall": 0.9094972067039107,
            "f1": 0.8940142778693025
        },
        "pos_label=1": {
            "precision": 0.7774725274725275,
            "recall": 0.7164556962025317,
            "f1": 0.7457180500658761
        },
        "macro": {
            "precision": 0.8282611017492227,
            "recall": 0.8129764514532212,
            "f1": 0.8198661639675893
        }
    },
    "eval_runtime": 30.8818,
    "eval_samples_per_second": 41.772,
    "eval_steps_per_second": 5.246,
    "epoch": 3.0
}