{
    "eval_loss": 0.4075292646884918,
    "eval_statistics": {
        "total_samples": 1290,
        "y_true_distribution": {
            "count": {
                "0": 895,
                "1": 395,
                "-1": 0
            },
            "average": 0.3062015503875969
        },
        "y_pred_distribution": {
            "count": {
                "0": 921,
                "1": 369,
                "-1": 0
            },
            "average": 0.28604651162790695
        }
    },
    "eval_performance": {
        "accuracy": 0.8511627906976744,
        "pos_label=0": {
            "precision": 0.8816503800217155,
            "recall": 0.9072625698324023,
            "f1": 0.8942731277533039
        },
        "pos_label=1": {
            "precision": 0.7750677506775068,
            "recall": 0.7240506329113924,
            "f1": 0.7486910994764397
        },
        "macro": {
            "precision": 0.8283590653496111,
            "recall": 0.8156566013718973,
            "f1": 0.8214821136148718
        }
    },
    "eval_runtime": 1.3087,
    "eval_samples_per_second": 985.748,
    "eval_steps_per_second": 123.792,
    "epoch": 3.0
}