{
    "prompt=zeroshot": {
        "input_format=user-text": {
            "Mistral-7B-Instruct-v0.1": {
                "statistics": {
                    "total_samples": 1290,
                    "y_true_distribution": {
                        "count": {
                            "0": 895,
                            "1": 395,
                            "-1": 0
                        },
                        "average": 0.3062015503875969
                    },
                    "y_pred_distribution": {
                        "count": {
                            "0": 28,
                            "1": 1262,
                            "-1": 0
                        },
                        "average": 0.9782945736434109
                    }
                },
                "performance": {
                    "accuracy": 0.3263565891472868,
                    "pos_label=0": {
                        "precision": 0.9642857142857143,
                        "recall": 0.030167597765363128,
                        "f1": 0.05850487540628386
                    },
                    "pos_label=1": {
                        "precision": 0.312202852614897,
                        "recall": 0.9974683544303797,
                        "f1": 0.4755582377791189
                    },
                    "macro": {
                        "precision": 0.6382442834503057,
                        "recall": 0.5138179760978714,
                        "f1": 0.2670315565927014
                    }
                }
            },
            "Mixtral-8x7B-Instruct-v0.1": {
                "statistics": {
                    "total_samples": 1290,
                    "y_true_distribution": {
                        "count": {
                            "0": 895,
                            "1": 395,
                            "-1": 0
                        },
                        "average": 0.3062015503875969
                    },
                    "y_pred_distribution": {
                        "count": {
                            "0": 411,
                            "1": 877,
                            "-1": 2
                        },
                        "average": 0.6782945736434108
                    }
                },
                "performance": {
                    "accuracy": 0.5488372093023256,
                    "pos_label=0": {
                        "precision": 0.8807785888077859,
                        "recall": 0.4044692737430168,
                        "f1": 0.554364471669219
                    },
                    "pos_label=1": {
                        "precision": 0.3945267958950969,
                        "recall": 0.8759493670886076,
                        "f1": 0.5440251572327044
                    },
                    "macro": {
                        "precision": 0.6376526923514414,
                        "recall": 0.6402093204158121,
                        "f1": 0.5491948144509617
                    }
                }
            }
        }
    },
    "prompt=fewshot": {
        "input_format=user-text": {
            "Mistral-7B-Instruct-v0.1": {
                "statistics": {
                    "total_samples": 1290,
                    "y_true_distribution": {
                        "count": {
                            "0": 895,
                            "1": 395,
                            "-1": 0
                        },
                        "average": 0.3062015503875969
                    },
                    "y_pred_distribution": {
                        "count": {
                            "0": 673,
                            "1": 617,
                            "-1": 0
                        },
                        "average": 0.4782945736434108
                    }
                },
                "performance": {
                    "accuracy": 0.6372093023255814,
                    "pos_label=0": {
                        "precision": 0.8172362555720654,
                        "recall": 0.6145251396648045,
                        "f1": 0.701530612244898
                    },
                    "pos_label=1": {
                        "precision": 0.44084278768233387,
                        "recall": 0.6886075949367089,
                        "f1": 0.5375494071146245
                    },
                    "macro": {
                        "precision": 0.6290395216271996,
                        "recall": 0.6515663673007567,
                        "f1": 0.6195400096797612
                    }
                }
            },
            "Mixtral-8x7B-Instruct-v0.1": {
                "statistics": {
                    "total_samples": 1290,
                    "y_true_distribution": {
                        "count": {
                            "0": 895,
                            "1": 395,
                            "-1": 0
                        },
                        "average": 0.3062015503875969
                    },
                    "y_pred_distribution": {
                        "count": {
                            "0": 714,
                            "1": 575,
                            "-1": 1
                        },
                        "average": 0.4449612403100775
                    }
                },
                "performance": {
                    "accuracy": 0.6612403100775194,
                    "pos_label=0": {
                        "precision": 0.8207282913165266,
                        "recall": 0.6547486033519553,
                        "f1": 0.728402734617775
                    },
                    "pos_label=1": {
                        "precision": 0.4643478260869565,
                        "recall": 0.6759493670886076,
                        "f1": 0.5505154639175258
                    },
                    "macro": {
                        "precision": 0.6425380587017415,
                        "recall": 0.6653489852202814,
                        "f1": 0.6394590992676504
                    }
                }
            }
        }
    },
    "prompt=fewshot_cot": {
        "input_format=user-text": {
            "Mistral-7B-Instruct-v0.1": {
                "statistics": {
                    "total_samples": 1290,
                    "y_true_distribution": {
                        "count": {
                            "0": 895,
                            "1": 395,
                            "-1": 0
                        },
                        "average": 0.3062015503875969
                    },
                    "y_pred_distribution": {
                        "count": {
                            "0": 392,
                            "1": 898,
                            "-1": 0
                        },
                        "average": 0.6961240310077519
                    }
                },
                "performance": {
                    "accuracy": 0.541860465116279,
                    "pos_label=0": {
                        "precision": 0.8877551020408163,
                        "recall": 0.3888268156424581,
                        "f1": 0.5407925407925408
                    },
                    "pos_label=1": {
                        "precision": 0.3908685968819599,
                        "recall": 0.8886075949367088,
                        "f1": 0.54292343387471
                    },
                    "macro": {
                        "precision": 0.6393118494613881,
                        "recall": 0.6387172052895834,
                        "f1": 0.5418579873336253
                    }
                }
            },
            "Mixtral-8x7B-Instruct-v0.1": {
                "statistics": {
                    "total_samples": 1290,
                    "y_true_distribution": {
                        "count": {
                            "0": 895,
                            "1": 395,