{
    "prompt=zeroshot": {
        "input_format=user-text": {
            "Mistral-7B-Instruct-v0.1": {
                "statistics": {
                    "total_samples": 1290,
                    "label_distribution": {
                        "count": {
                            "0": 895,
                            "1": 395
                        },
                        "average": 0.3062015503875969
                    }
                },
                "performance": {
                    "accuracy": 0.3062015503875969,
                    "pos_label=0": {
                        "precision": 0.5,
                        "recall": 0.0011173184357541898,
                        "f1": 0.002229654403567447
                    },
                    "pos_label=1": {
                        "precision": 0.3059006211180124,
                        "recall": 0.9974683544303797,
                        "f1": 0.4682115270350565
                    },
                    "macro": {
                        "precision": 0.4029503105590062,
                        "recall": 0.499292836433067,
                        "f1": 0.23522059071931195
                    }
                }
            },
            "Mixtral-8x7B-Instruct-v0.1": {
                "statistics": {
                    "total_samples": 1290,
                    "label_distribution": {
                        "count": {
                            "0": 895,
                            "1": 395
                        },
                        "average": 0.3062015503875969
                    }
                },
                "performance": {
                    "accuracy": 0.5310077519379846,
                    "pos_label=0": {
                        "precision": 0.8683544303797468,
                        "recall": 0.38324022346368714,
                        "f1": 0.5317829457364341
                    },
                    "pos_label=1": {
                        "precision": 0.3838383838383838,
                        "recall": 0.8658227848101265,
                        "f1": 0.5318818040435459
                    },
                    "macro": {
                        "precision": 0.41739760473937687,
                        "recall": 0.4163543360912712,
                        "f1": 0.35455491659332666
                    }
                }
            }
        }
    },
    "prompt=fewshot": {
        "input_format=user-text": {
            "Mistral-7B-Instruct-v0.1": {
                "statistics": {
                    "total_samples": 1290,
                    "label_distribution": {
                        "count": {
                            "0": 895,
                            "1": 395
                        },
                        "average": 0.3062015503875969
                    }
                },
                "performance": {
                    "accuracy": 0.3689922480620155,
                    "pos_label=0": {
                        "precision": 0.7956204379562044,
                        "recall": 0.1217877094972067,
                        "f1": 0.21124031007751937
                    },
                    "pos_label=1": {
                        "precision": 0.3183000867302689,
                        "recall": 0.9291139240506329,
                        "f1": 0.47416020671834624
                    },
                    "macro": {
                        "precision": 0.5569602623432366,
                        "recall": 0.5254508167739198,
                        "f1": 0.34270025839793283
                    }
                }
            },
            "Mixtral-8x7B-Instruct-v0.1": {
                "statistics": {
                    "total_samples": 1290,
                    "label_distribution": {
                        "count": {
                            "0": 895,
                            "1": 395
                        },
                        "average": 0.3062015503875969
                    }
                },
                "performance": {
                    "accuracy": 0.39069767441860465,
                    "pos_label=0": {
                        "precision": 0.8657718120805369,
                        "recall": 0.1441340782122905,
                        "f1": 0.2471264367816092
                    },
                    "pos_label=1": {
                        "precision": 0.32894736842105265,
                        "recall": 0.9493670886075949,
                        "f1": 0.48859934853420195
                    },
                    "macro": {
                        "precision": 0.39823972683386316,
                        "recall": 0.3645003889399618,
                        "f1": 0.2452419284386037
                    }
                }
            }
        }
    }
}