{
    "prompt=zeroshot": {
        "input_format=user-text": {
            "Mistral-7B-Instruct-v0.1": {
                "statistics": {
                    "total_samples": 1290,
                    "y_true_distribution": {
                        "count": {
                            "0": 895,
                            "1": 395,
                            "-1": 0
                        },
                        "average": 0.3062015503875969
                    },
                    "y_pred_distribution": {
                        "count": {
                            "0": 28,
                            "1": 1262,
                            "-1": 0
                        },
                        "average": 0.9782945736434109
                    }
                },
                "performance": {
                    "accuracy": 0.3263565891472868,
                    "pos_label=0": {
                        "precision": 0.9642857142857143,
                        "recall": 0.030167597765363128,
                        "f1": 0.05850487540628386
                    },
                    "pos_label=1": {
                        "precision": 0.312202852614897,
                        "recall": 0.9974683544303797,
                        "f1": 0.4755582377791189
                    },
                    "macro": {
                        "precision": 0.6382442834503057,
                        "recall": 0.5138179760978714,
                        "f1": 0.2670315565927014
                    }
                }
            },
            "Mixtral-8x7B-Instruct-v0.1": {
                "statistics": {
                    "total_samples": 1290,
                    "y_true_distribution": {
                        "count": {
                            "0": 895,
                            "1": 395,
                            "-1": 0
                        },
                        "average": 0.3062015503875969
                    },
                    "y_pred_distribution": {
                        "count": {
                            "0": 411,
                            "1": 877,
                            "-1": 2
                        },
                        "average": 0.6782945736434108
                    }
                },
                "performance": {
                    "accuracy": 0.5488372093023256,
                    "pos_label=0": {
                        "precision": 0.8807785888077859,
                        "recall": 0.4044692737430168,
                        "f1": 0.554364471669219
                    },
                    "pos_label=1": {
                        "precision": 0.3945267958950969,
                        "recall": 0.8759493670886076,
                        "f1": 0.5440251572327044
                    },
                    "macro": {
                        "precision": 0.6376526923514414,
                        "recall": 0.6402093204158121,
                        "f1": 0.5491948144509617
                    }
                }
            }
        }
    },
    "prompt=fewshot": {
        "input_format=user-text": {
            "Mistral-7B-Instruct-v0.1": {
                "statistics": {
                    "total_samples": 1290,
                    "y_true_distribution": {
                        "count": {
                            "0": 895,
                            "1": 395,
                            "-1": 0
                        },
                        "average": 0.3062015503875969
                    },
                    "y_pred_distribution": {
                        "count": {
                            "0": 341,
                            "1": 949,
                            "-1": 0
                        },
                        "average": 0.7356589147286822
                    }
                },
                "performance": {
                    "accuracy": 0.5348837209302325,
                    "pos_label=0": {
                        "precision": 0.9325513196480938,
                        "recall": 0.3553072625698324,
                        "f1": 0.5145631067961165
                    },
                    "pos_label=1": {
                        "precision": 0.39199157007376184,
                        "recall": 0.9417721518987342,
                        "f1": 0.5535714285714286
                    },
                    "macro": {
                        "precision": 0.6622714448609278,
                        "recall": 0.6485397072342833,
                        "f1": 0.5340672676837726
                    }
                }
            },
            "Mixtral-8x7B-Instruct-v0.1": {
                "statistics": {
                    "total_samples": 1290,
                    "y_true_distribution": {
                        "count": {
                            "0": 895,
                            "1": 395,
                            "-1": 0
                        },
                        "average": 0.3062015503875969
                    },
                    "y_pred_distribution": {
                        "count": {
                            "0": 566,
                            "1": 723,
                            "-1": 1
                        },
                        "average": 0.5596899224806201
                    }
                },
                "performance": {
                    "accuracy": 0.6255813953488372,
                    "pos_label=0": {
                        "precision": 0.8639575971731449,
                        "recall": 0.5463687150837989,
                        "f1": 0.6694045174537988
                    },
                    "pos_label=1": {
                        "precision": 0.43983402489626555,
                        "recall": 0.8050632911392405,
                        "f1": 0.5688729874776386
                    },
                    "macro": {
                        "precision": 0.6518958110347053,
                        "recall": 0.6757160031115197,
                        "f1": 0.6191387524657187
                    }
                }
            }
        }
    },
    "prompt=fewshot_cot": {
        "input_format=user-text": {
            "Mistral-7B-Instruct-v0.1": {
                "statistics": {
                    "total_samples": 1290,
                    "y_true_distribution": {
                        "count": {
                            "0": 895,
                            "1": 395,
                            "-1": 0
                        },
                        "average": 0.3062015503875969
                    },
                    "y_pred_distribution": {
                        "count": {
                            "0": 724,
                            "1": 566,
                            "-1": 0
                        },
                        "average": 0.4387596899224806
                    }
                },
                "performance": {
                    "accuracy": 0.6503875968992248,
                    "pos_label=0": {
                        "precision": 0.8066298342541437,
                        "recall": 0.6525139664804469,
                        "f1": 0.721432983323039
                    },
                    "pos_label=1": {
                        "precision": 0.450530035335689,
                        "recall": 0.6455696202531646,
                        "f1": 0.5306971904266389
                    },
                    "macro": {
                        "precision": 0.6285799347949164,
                        "recall": 0.6490417933668058,
                        "f1": 0.626065086874839
                    }
                }
            },
            "Mixtral-8x7B-Instruct-v0.1": {
                "statistics": {
                    "total_samples": 1290,
                    "y_true_distribution": {
                        "count": {
                            "0": 895,
                            "1": 395,