{
    "eval_loss": 0.7626293301582336,
    "eval_statistics": {
        "total_samples": 1290,
        "y_true_distribution": {
            "count": {
                "0": 895,
                "1": 395,
                "-1": 0
            },
            "average": 0.3062015503875969
        },
        "y_pred_distribution": {
            "count": {
                "0": 897,
                "1": 393,
                "-1": 0
            },
            "average": 0.30465116279069765
        }
    },
    "eval_performance": {
        "accuracy": 0.8418604651162791,
        "pos_label=0": {
            "precision": 0.8851727982162765,
            "recall": 0.8871508379888268,
            "f1": 0.8861607142857143
        },
        "pos_label=1": {
            "precision": 0.7430025445292621,
            "recall": 0.739240506329114,
            "f1": 0.7411167512690355
        },
        "macro": {
            "precision": 0.8140876713727693,
            "recall": 0.8131956721589704,
            "f1": 0.8136387327773749
        }
    },
    "eval_runtime": 2.0499,
    "eval_samples_per_second": 629.296,
    "eval_steps_per_second": 39.514,
    "epoch": 3.0
}