{
    "eval_loss": 0.4695127010345459,
    "eval_statistics": {
        "total_samples": 1290,
        "y_true_distribution": {
            "count": {
                "0": 895,
                "1": 395,
                "-1": 0
            },
            "average": 0.3062015503875969
        },
        "y_pred_distribution": {
            "count": {
                "0": 842,
                "1": 448,
                "-1": 0
            },
            "average": 0.34728682170542635
        }
    },
    "eval_performance": {
        "accuracy": 0.8364341085271317,
        "pos_label=0": {
            "precision": 0.9061757719714965,
            "recall": 0.852513966480447,
            "f1": 0.8785261945883708
        },
        "pos_label=1": {
            "precision": 0.7053571428571429,
            "recall": 0.8,
            "f1": 0.7497034400948992
        },
        "macro": {
            "precision": 0.8057664574143197,
            "recall": 0.8262569832402236,
            "f1": 0.814114817341635
        }
    },
    "eval_runtime": 2.0816,
    "eval_samples_per_second": 619.706,
    "eval_steps_per_second": 38.912,
    "epoch": 3.0
}