{
    "eval_loss": 0.5246312022209167,
    "eval_statistics": {
        "total_samples": 1290,
        "y_true_distribution": {
            "count": {
                "0": 895,
                "1": 395,
                "-1": 0
            },
            "average": 0.3062015503875969
        },
        "y_pred_distribution": {
            "count": {
                "0": 855,
                "1": 435,
                "-1": 0
            },
            "average": 0.3372093023255814
        }
    },
    "eval_performance": {
        "accuracy": 0.8418604651162791,
        "pos_label=0": {
            "precision": 0.904093567251462,
            "recall": 0.8636871508379889,
            "f1": 0.8834285714285715
        },
        "pos_label=1": {
            "precision": 0.7195402298850575,
            "recall": 0.7924050632911392,
            "f1": 0.7542168674698795
        },
        "macro": {
            "precision": 0.8118168985682597,
            "recall": 0.828046107064564,
            "f1": 0.8188227194492255
        }
    },
    "eval_runtime": 1.2875,
    "eval_samples_per_second": 1001.978,
    "eval_steps_per_second": 125.83,
    "epoch": 3.0
}