{
  "best_metric": null,
  "best_model_checkpoint": null,
  "epoch": 3.0,
  "eval_steps": 500,
  "global_step": 1359,
  "is_hyper_param_search": false,
  "is_local_process_zero": true,
  "is_world_process_zero": true,
  "log_history": [
    {
      "epoch": 1.0,
      "grad_norm": 9.158504486083984,
      "learning_rate": 1.4392374900714853e-05,
      "loss": 0.4944,
      "step": 453
    },
    {
      "epoch": 1.0,
      "eval_loss": 0.42033541202545166,
      "eval_performance": {
        "accuracy": 0.827906976744186,
        "macro": {
          "f1": 0.8113657441561453,
          "precision": 0.8008459587406955,
          "recall": 0.8392051481507672
        },
        "pos_label=0": {
          "f1": 0.8672248803827751,
          "precision": 0.9330759330759331,
          "recall": 0.8100558659217877
        },
        "pos_label=1": {
          "f1": 0.7555066079295154,
          "precision": 0.6686159844054581,
          "recall": 0.8683544303797468
        }
      },
      "eval_runtime": 3.5686,
      "eval_samples_per_second": 361.491,
      "eval_statistics": {
        "total_samples": 1290,
        "y_pred_distribution": {
          "average": 0.39767441860465114,
          "count": {
            "-1": 0,
            "0": 777,
            "1": 513
          }
        },
        "y_true_distribution": {
          "average": 0.3062015503875969,
          "count": {
            "-1": 0,
            "0": 895,
            "1": 395
          }
        }
      },
      "eval_steps_per_second": 45.397,
      "step": 453
    },
    {
      "epoch": 2.0,
      "grad_norm": 61.19167709350586,
      "learning_rate": 7.1961874503574265e-06,
      "loss": 0.3108,
      "step": 906
    },
    {
      "epoch": 2.0,
      "eval_loss": 0.43264907598495483,
      "eval_performance": {
        "accuracy": 0.8558139534883721,
        "macro": {
          "f1": 0.8343875362022743,
          "precision": 0.8275742851046244,
          "recall": 0.8430521179548829
        },
        "pos_label=0": {
          "f1": 0.8939566704675028,
          "precision": 0.9126891734575088,
          "recall": 0.8759776536312849
        },
        "pos_label=1": {
          "f1": 0.774818401937046,
          "precision": 0.7424593967517401,
          "recall": 0.810126582278481
        }
      },
      "eval_runtime": 3.5657,
      "eval_samples_per_second": 361.78,
      "eval_statistics": {
        "total_samples": 1290,
        "y_pred_distribution": {
          "average": 0.33410852713178296,
          "count": {
            "-1": 0,
            "0": 859,
            "1": 431
          }
        },
        "y_true_distribution": {
          "average": 0.3062015503875969,
          "count": {
            "-1": 0,
            "0": 895,
            "1": 395
          }
        }
      },
      "eval_steps_per_second": 45.433,
      "step": 906
    },
    {
      "epoch": 3.0,
      "grad_norm": 0.364977091550827,
      "learning_rate": 0.0,
      "loss": 0.2109,
      "step": 1359
    },
    {
      "epoch": 3.0,
      "eval_loss": 0.5631113648414612,
      "eval_performance": {
        "accuracy": 0.8542635658914729,
        "macro": {
          "f1": 0.8321749167517833,
          "precision": 0.8260031858800927,
          "recall": 0.8398133088183297
        },
        "pos_label=0": {
          "f1": 0.8930602957906713,
          "precision": 0.9096176129779838,
          "recall": 0.8770949720670391
        },
        "pos_label=1": {
          "f1": 0.7712895377128953,
          "precision": 0.7423887587822015,
          "recall": 0.8025316455696202
        }
      },
      "eval_runtime": 3.5646,
      "eval_samples_per_second": 361.89,
      "eval_statistics": {
        "total_samples": 1290,
        "y_pred_distribution": {
          "average": 0.3310077519379845,
          "count": {
            "-1": 0,
            "0": 863,
            "1": 427
          }
        },
        "y_true_distribution": {
          "average": 0.3062015503875969,
          "count": {
            "-1": 0,
            "0": 895,
            "1": 395
          }
        }
      },
      "eval_steps_per_second": 45.447,
      "step": 1359
    }
  ],
  "logging_steps": 500,
  "max_steps": 1359,
  "num_input_tokens_seen": 0,
  "num_train_epochs": 3,
  "save_steps": 500,
  "total_flos": 3673640671026984.0,
  "train_batch_size": 16,
  "trial_name": null,
  "trial_params": null
}
