{
  "best_metric": null,
  "best_model_checkpoint": null,
  "epoch": 1.0,
  "eval_steps": 500,
  "global_step": 74,
  "is_hyper_param_search": false,
  "is_local_process_zero": true,
  "is_world_process_zero": true,
  "log_history": [
    {
      "epoch": 1.0,
      "grad_norm": 17.329919815063477,
      "learning_rate": 1.48e-05,
      "loss": 0.6183,
      "step": 74
    },
    {
      "epoch": 1.0,
      "eval_loss": 0.44280192255973816,
      "eval_performance": {
        "accuracy": 0.8108527131782945,
        "macro": {
          "f1": 0.7913927298948082,
          "precision": 0.7816230656557608,
          "recall": 0.8148928647196096
        },
        "pos_label=0": {
          "f1": 0.8551068883610451,
          "precision": 0.9125475285171103,
          "recall": 0.8044692737430168
        },
        "pos_label=1": {
          "f1": 0.7276785714285714,
          "precision": 0.6506986027944112,
          "recall": 0.8253164556962025
        }
      },
      "eval_runtime": 8.5686,
      "eval_samples_per_second": 150.55,
      "eval_statistics": {
        "total_samples": 1290,
        "y_pred_distribution": {
          "average": 0.3883720930232558,
          "count": {
            "-1": 0,
            "0": 789,
            "1": 501
          }
        },
        "y_true_distribution": {
          "average": 0.3062015503875969,
          "count": {
            "-1": 0,
            "0": 895,
            "1": 395
          }
        }
      },
      "eval_steps_per_second": 2.451,
      "step": 74
    }
  ],
  "logging_steps": 500,
  "max_steps": 222,
  "num_input_tokens_seen": 0,
  "num_train_epochs": 3,
  "save_steps": 500,
  "total_flos": 1722194598002592.0,
  "train_batch_size": 128,
  "trial_name": null,
  "trial_params": null
}
