{
  "best_metric": null,
  "best_model_checkpoint": null,
  "epoch": 1.0,
  "eval_steps": 500,
  "global_step": 333,
  "is_hyper_param_search": false,
  "is_local_process_zero": true,
  "is_world_process_zero": true,
  "log_history": [
    {
      "epoch": 1.0,
      "grad_norm": 17.567440032958984,
      "learning_rate": 1.481646273637375e-05,
      "loss": 0.5474,
      "step": 333
    },
    {
      "epoch": 1.0,
      "eval_loss": 0.39614665508270264,
      "eval_performance": {
        "accuracy": 0.8325581395348837,
        "macro": {
          "f1": 0.8084074106671361,
          "precision": 0.801406262994251,
          "recall": 0.8178063786153738
        },
        "pos_label=0": {
          "f1": 0.8764302059496567,
          "precision": 0.8980070339976554,
          "recall": 0.8558659217877095
        },
        "pos_label=1": {
          "f1": 0.7403846153846154,
          "precision": 0.7048054919908466,
          "recall": 0.779746835443038
        }
      },
      "eval_runtime": 1.4303,
      "eval_samples_per_second": 901.936,
      "eval_statistics": {
        "total_samples": 1290,
        "y_pred_distribution": {
          "average": 0.3387596899224806,
          "count": {
            "-1": 0,
            "0": 853,
            "1": 437
          }
        },
        "y_true_distribution": {
          "average": 0.3062015503875969,
          "count": {
            "-1": 0,
            "0": 895,
            "1": 395
          }
        }
      },
      "eval_steps_per_second": 113.266,
      "step": 333
    }
  ],
  "logging_steps": 500,
  "max_steps": 999,
  "num_input_tokens_seen": 0,
  "num_train_epochs": 3,
  "save_steps": 500,
  "total_flos": 336205053760860.0,
  "train_batch_size": 16,
  "trial_name": null,
  "trial_params": null
}
