{
  "best_metric": null,
  "best_model_checkpoint": null,
  "epoch": 1.0,
  "eval_steps": 500,
  "global_step": 227,
  "is_hyper_param_search": false,
  "is_local_process_zero": true,
  "is_world_process_zero": true,
  "log_history": [
    {
      "epoch": 1.0,
      "grad_norm": 26.65703773498535,
      "learning_rate": 1.5628227194492257e-05,
      "loss": 0.5227,
      "step": 227
    },
    {
      "epoch": 1.0,
      "eval_loss": 0.4099870026111603,
      "eval_performance": {
        "accuracy": 0.8356589147286821,
        "macro": {
          "f1": 0.8165848895136563,
          "precision": 0.8060540223286801,
          "recall": 0.8363057775263418
        },
        "pos_label=0": {
          "f1": 0.8757327080890973,
          "precision": 0.9210850801479655,
          "recall": 0.8346368715083798
        },
        "pos_label=1": {
          "f1": 0.7574370709382151,
          "precision": 0.6910229645093946,
          "recall": 0.8379746835443038
        }
      },
      "eval_runtime": 3.8808,
      "eval_samples_per_second": 332.408,
      "eval_statistics": {
        "total_samples": 1290,
        "y_pred_distribution": {
          "average": 0.37131782945736436,
          "count": {
            "-1": 0,
            "0": 811,
            "1": 479
          }
        },
        "y_true_distribution": {
          "average": 0.3062015503875969,
          "count": {
            "-1": 0,
            "0": 895,
            "1": 395
          }
        }
      },
      "eval_steps_per_second": 20.872,
      "step": 227
    }
  ],
  "logging_steps": 500,
  "max_steps": 681,
  "num_input_tokens_seen": 0,
  "num_train_epochs": 3,
  "save_steps": 500,
  "total_flos": 1277215573797912.0,
  "train_batch_size": 32,
  "trial_name": null,
  "trial_params": null
}
