{
  "best_metric": null,
  "best_model_checkpoint": null,
  "epoch": 1.0,
  "eval_steps": 500,
  "global_step": 333,
  "is_hyper_param_search": false,
  "is_local_process_zero": true,
  "is_world_process_zero": true,
  "log_history": [
    {
      "epoch": 1.0,
      "grad_norm": 13.901000022888184,
      "learning_rate": 1.481646273637375e-05,
      "loss": 0.4929,
      "step": 333
    },
    {
      "epoch": 1.0,
      "eval_loss": 0.3569750189781189,
      "eval_performance": {
        "accuracy": 0.851937984496124,
        "macro": {
          "f1": 0.8302607023110695,
          "precision": 0.8231189973728412,
          "recall": 0.8395516582985645
        },
        "pos_label=0": {
          "f1": 0.8909194745859509,
          "precision": 0.9112149532710281,
          "recall": 0.8715083798882681
        },
        "pos_label=1": {
          "f1": 0.7696019300361882,
          "precision": 0.7350230414746544,
          "recall": 0.8075949367088607
        }
      },
      "eval_runtime": 1.2803,
      "eval_samples_per_second": 1007.576,
      "eval_statistics": {
        "total_samples": 1290,
        "y_pred_distribution": {
          "average": 0.3364341085271318,
          "count": {
            "-1": 0,
            "0": 856,
            "1": 434
          }
        },
        "y_true_distribution": {
          "average": 0.3062015503875969,
          "count": {
            "-1": 0,
            "0": 895,
            "1": 395
          }
        }
      },
      "eval_steps_per_second": 126.533,
      "step": 333
    }
  ],
  "logging_steps": 500,
  "max_steps": 999,
  "num_input_tokens_seen": 0,
  "num_train_epochs": 3,
  "save_steps": 500,
  "total_flos": 341671802602500.0,
  "train_batch_size": 16,
  "trial_name": null,
  "trial_params": null
}
