{
  "best_metric": null,
  "best_model_checkpoint": null,
  "epoch": 1.0,
  "eval_steps": 500,
  "global_step": 319,
  "is_hyper_param_search": false,
  "is_local_process_zero": true,
  "is_world_process_zero": true,
  "log_history": [
    {
      "epoch": 1.0,
      "grad_norm": 10.133407592773438,
      "learning_rate": 1.4889148191365228e-05,
      "loss": 0.4784,
      "step": 319
    },
    {
      "epoch": 1.0,
      "eval_loss": 0.3501909375190735,
      "eval_performance": {
        "accuracy": 0.8565891472868217,
        "macro": {
          "f1": 0.8313545554056643,
          "precision": 0.8311216188732967,
          "recall": 0.8315889965348986
        },
        "pos_label=0": {
          "f1": 0.8965902738960313,
          "precision": 0.8970917225950783,
          "recall": 0.8960893854748604
        },
        "pos_label=1": {
          "f1": 0.7661188369152971,
          "precision": 0.7651515151515151,
          "recall": 0.7670886075949367
        }
      },
      "eval_runtime": 1.4673,
      "eval_samples_per_second": 879.151,
      "eval_statistics": {
        "total_samples": 1290,
        "y_pred_distribution": {
          "average": 0.30697674418604654,
          "count": {
            "-1": 0,
            "0": 894,
            "1": 396
          }
        },
        "y_true_distribution": {
          "average": 0.3062015503875969,
          "count": {
            "-1": 0,
            "0": 895,
            "1": 395
          }
        }
      },
      "eval_steps_per_second": 110.405,
      "step": 319
    }
  ],
  "logging_steps": 500,
  "max_steps": 957,
  "num_input_tokens_seen": 0,
  "num_train_epochs": 3,
  "save_steps": 500,
  "total_flos": 277808274468000.0,
  "train_batch_size": 16,
  "trial_name": null,
  "trial_params": null
}
