{
  "best_metric": null,
  "best_model_checkpoint": null,
  "epoch": 3.0,
  "eval_steps": 500,
  "global_step": 480,
  "is_hyper_param_search": false,
  "is_local_process_zero": true,
  "is_world_process_zero": true,
  "log_history": [
    {
      "epoch": 1.0,
      "grad_norm": 6.0826334953308105,
      "learning_rate": 1.6842105263157896e-05,
      "loss": 0.506,
      "step": 160
    },
    {
      "epoch": 1.0,
      "eval_loss": 0.3816271126270294,
      "eval_performance": {
        "accuracy": 0.8372093023255814,
        "macro": {
          "f1": 0.7980582582170683,
          "precision": 0.8192670077262378,
          "recall": 0.7843858284421187
        },
        "pos_label=0": {
          "f1": 0.8869752421959096,
          "precision": 0.8556593977154725,
          "recall": 0.9206703910614525
        },
        "pos_label=1": {
          "f1": 0.7091412742382271,
          "precision": 0.7828746177370031,
          "recall": 0.6481012658227848
        }
      },
      "eval_runtime": 2.2157,
      "eval_samples_per_second": 582.196,
      "eval_statistics": {
        "total_samples": 1290,
        "y_pred_distribution": {
          "average": 0.2534883720930233,
          "count": {
            "-1": 0,
            "0": 963,
            "1": 327
          }
        },
        "y_true_distribution": {
          "average": 0.3062015503875969,
          "count": {
            "-1": 0,
            "0": 895,
            "1": 395
          }
        }
      },
      "eval_steps_per_second": 36.557,
      "step": 160
    },
    {
      "epoch": 2.0,
      "grad_norm": 5.252401828765869,
      "learning_rate": 8.421052631578948e-06,
      "loss": 0.3232,
      "step": 320
    },
    {
      "epoch": 2.0,
      "eval_loss": 0.3560868799686432,
      "eval_performance": {
        "accuracy": 0.8496124031007752,
        "macro": {
          "f1": 0.8198951583419933,
          "precision": 0.8261411530756799,
          "recall": 0.8145392829361431
        },
        "pos_label=0": {
          "f1": 0.8930540242557883,
          "precision": 0.8813928182807399,
          "recall": 0.9050279329608939
        },
        "pos_label=1": {
          "f1": 0.7467362924281984,
          "precision": 0.77088948787062,
          "recall": 0.7240506329113924
        }
      },
      "eval_runtime": 2.0179,
      "eval_samples_per_second": 639.281,
      "eval_statistics": {
        "total_samples": 1290,
        "y_pred_distribution": {
          "average": 0.2875968992248062,
          "count": {
            "-1": 0,
            "0": 919,
            "1": 371
          }
        },
        "y_true_distribution": {
          "average": 0.3062015503875969,
          "count": {
            "-1": 0,
            "0": 895,
            "1": 395
          }
        }
      },
      "eval_steps_per_second": 40.141,
      "step": 320
    },
    {
      "epoch": 3.0,
      "grad_norm": 13.214027404785156,
      "learning_rate": 0.0,
      "loss": 0.2564,
      "step": 480
    },
    {
      "epoch": 3.0,
      "eval_loss": 0.3612363338470459,
      "eval_performance": {
        "accuracy": 0.8565891472868217,
        "macro": {
          "f1": 0.8267985122017599,
          "precision": 0.8366935483870968,
          "recall": 0.818860052330104
        },
        "pos_label=0": {
          "f1": 0.8986301369863013,
          "precision": 0.8817204301075269,
          "recall": 0.9162011173184358
        },
        "pos_label=1": {
          "f1": 0.7549668874172185,
          "precision": 0.7916666666666666,
          "recall": 0.7215189873417721
        }
      },
      "eval_runtime": 2.0219,
      "eval_samples_per_second": 638.024,
      "eval_statistics": {
        "total_samples": 1290,
        "y_pred_distribution": {
          "average": 0.27906976744186046,
          "count": {
            "-1": 0,
            "0": 930,
            "1": 360
          }
        },
        "y_true_distribution": {
          "average": 0.3062015503875969,
          "count": {
            "-1": 0,
            "0": 895,
            "1": 395
          }
        }
      },
      "eval_steps_per_second": 40.062,
      "step": 480
    }
  ],
  "logging_steps": 500,
  "max_steps": 480,
  "num_input_tokens_seen": 0,
  "num_train_epochs": 3,
  "save_steps": 500,
  "total_flos": 896324810076000.0,
  "train_batch_size": 32,
  "trial_name": null,
  "trial_params": null
}
