{
  "best_metric": null,
  "best_model_checkpoint": null,
  "epoch": 3.0,
  "eval_steps": 500,
  "global_step": 957,
  "is_hyper_param_search": false,
  "is_local_process_zero": true,
  "is_world_process_zero": true,
  "log_history": [
    {
      "epoch": 1.0,
      "grad_norm": 16.991710662841797,
      "learning_rate": 7.444574095682614e-05,
      "loss": 0.4579,
      "step": 319
    },
    {
      "epoch": 1.0,
      "eval_loss": 0.4245659410953522,
      "eval_performance": {
        "accuracy": 0.8348837209302326,
        "macro": {
          "f1": 0.7986872211773688,
          "precision": 0.811745003294531,
          "recall": 0.7890743228908847
        },
        "pos_label=0": {
          "f1": 0.8840500816548721,
          "precision": 0.861995753715499,
          "recall": 0.9072625698324023
        },
        "pos_label=1": {
          "f1": 0.7133243606998654,
          "precision": 0.7614942528735632,
          "recall": 0.6708860759493671
        }
      },
      "eval_runtime": 9.8856,
      "eval_samples_per_second": 130.493,
      "eval_statistics": {
        "total_samples": 1290,
        "y_pred_distribution": {
          "average": 0.26976744186046514,
          "count": {
            "-1": 0,
            "0": 942,
            "1": 348
          }
        },
        "y_true_distribution": {
          "average": 0.3062015503875969,
          "count": {
            "-1": 0,
            "0": 895,
            "1": 395
          }
        }
      },
      "eval_steps_per_second": 16.388,
      "step": 319
    },
    {
      "epoch": 2.0,
      "grad_norm": 2.058302879333496,
      "learning_rate": 3.722287047841307e-05,
      "loss": 0.3116,
      "step": 638
    },
    {
      "epoch": 2.0,
      "eval_loss": 0.4162440598011017,
      "eval_performance": {
        "accuracy": 0.8480620155038759,
        "macro": {
          "f1": 0.8177629909818485,
          "precision": 0.8245632619192641,
          "recall": 0.8120076373665228
        },
        "pos_label=0": {
          "f1": 0.8920704845814978,
          "precision": 0.8794788273615635,
          "recall": 0.9050279329608939
        },
        "pos_label=1": {
          "f1": 0.743455497382199,
          "precision": 0.7696476964769647,
          "recall": 0.7189873417721518
        }
      },
      "eval_runtime": 9.8266,
      "eval_samples_per_second": 131.277,
      "eval_statistics": {
        "total_samples": 1290,
        "y_pred_distribution": {
          "average": 0.28604651162790695,
          "count": {
            "-1": 0,
            "0": 921,
            "1": 369
          }
        },
        "y_true_distribution": {
          "average": 0.3062015503875969,
          "count": {
            "-1": 0,
            "0": 895,
            "1": 395
          }
        }
      },
      "eval_steps_per_second": 16.486,
      "step": 638
    },
    {
      "epoch": 3.0,
      "grad_norm": 3.4027421474456787,
      "learning_rate": 0.0,
      "loss": 0.2006,
      "step": 957
    },
    {
      "epoch": 3.0,
      "eval_loss": 0.47729966044425964,
      "eval_performance": {
        "accuracy": 0.8465116279069768,
        "macro": {
          "f1": 0.8153412377096587,
          "precision": 0.8233098852276934,
          "recall": 0.8087688282299696
        },
        "pos_label=0": {
          "f1": 0.8912087912087913,
          "precision": 0.8767567567567568,
          "recall": 0.906145251396648
        },
        "pos_label=1": {
          "f1": 0.7394736842105263,
          "precision": 0.7698630136986301,
          "recall": 0.7113924050632912
        }
      },
      "eval_runtime": 9.8258,
      "eval_samples_per_second": 131.287,
      "eval_statistics": {
        "total_samples": 1290,
        "y_pred_distribution": {
          "average": 0.28294573643410853,
          "count": {
            "-1": 0,
            "0": 925,
            "1": 365
          }
        },
        "y_true_distribution": {
          "average": 0.3062015503875969,
          "count": {
            "-1": 0,
            "0": 895,
            "1": 395
          }
        }
      },
      "eval_steps_per_second": 16.487,
      "step": 957
    }
  ],
  "logging_steps": 500,
  "max_steps": 957,
  "num_input_tokens_seen": 0,
  "num_train_epochs": 3,
  "save_steps": 500,
  "total_flos": 6349835899260000.0,
  "train_batch_size": 16,
  "trial_name": null,
  "trial_params": null
}
