{
  "best_metric": null,
  "best_model_checkpoint": null,
  "epoch": 2.0,
  "eval_steps": 500,
  "global_step": 906,
  "is_hyper_param_search": false,
  "is_local_process_zero": true,
  "is_world_process_zero": true,
  "log_history": [
    {
      "epoch": 1.0,
      "grad_norm": 13.545854568481445,
      "learning_rate": 1.4392374900714853e-05,
      "loss": 0.4644,
      "step": 453
    },
    {
      "epoch": 1.0,
      "eval_loss": 0.39648035168647766,
      "eval_performance": {
        "accuracy": 0.8403100775193798,
        "macro": {
          "f1": 0.8209690067667167,
          "precision": 0.8106359316550399,
          "recall": 0.8389505692666714
        },
        "pos_label=0": {
          "f1": 0.8798133022170361,
          "precision": 0.9206349206349206,
          "recall": 0.8424581005586592
        },
        "pos_label=1": {
          "f1": 0.7621247113163973,
          "precision": 0.7006369426751592,
          "recall": 0.8354430379746836
        }
      },
      "eval_runtime": 1.2712,
      "eval_samples_per_second": 1014.82,
      "eval_statistics": {
        "total_samples": 1290,
        "y_pred_distribution": {
          "average": 0.36511627906976746,
          "count": {
            "-1": 0,
            "0": 819,
            "1": 471
          }
        },
        "y_true_distribution": {
          "average": 0.3062015503875969,
          "count": {
            "-1": 0,
            "0": 895,
            "1": 395
          }
        }
      },
      "eval_steps_per_second": 127.443,
      "step": 453
    },
    {
      "epoch": 2.0,
      "grad_norm": 29.968524932861328,
      "learning_rate": 7.1961874503574265e-06,
      "loss": 0.29,
      "step": 906
    },
    {
      "epoch": 2.0,
      "eval_loss": 0.4151393175125122,
      "eval_performance": {
        "accuracy": 0.8426356589147287,
        "macro": {
          "f1": 0.8205006405550517,
          "precision": 0.8126067190301375,
          "recall": 0.8314334205501732
        },
        "pos_label=0": {
          "f1": 0.8835341365461847,
          "precision": 0.9080188679245284,
          "recall": 0.8603351955307262
        },
        "pos_label=1": {
          "f1": 0.7574671445639187,
          "precision": 0.7171945701357466,
          "recall": 0.8025316455696202
        }
      },
      "eval_runtime": 1.269,
      "eval_samples_per_second": 1016.51,
      "eval_statistics": {
        "total_samples": 1290,
        "y_pred_distribution": {
          "average": 0.3426356589147287,
          "count": {
            "-1": 0,
            "0": 848,
            "1": 442
          }
        },
        "y_true_distribution": {
          "average": 0.3062015503875969,
          "count": {
            "-1": 0,
            "0": 895,
            "1": 395
          }
        }
      },
      "eval_steps_per_second": 127.655,
      "step": 906
    }
  ],
  "logging_steps": 500,
  "max_steps": 1359,
  "num_input_tokens_seen": 0,
  "num_train_epochs": 3,
  "save_steps": 500,
  "total_flos": 691449686820720.0,
  "train_batch_size": 16,
  "trial_name": null,
  "trial_params": null
}
