{
    "eval_loss": 0.5933290123939514,
    "eval_statistics": {
        "total_samples": 1290,
        "y_true_distribution": {
            "count": {
                "0": 895,
                "1": 395,
                "-1": 0
            },
            "average": 0.3062015503875969
        },
        "y_pred_distribution": {
            "count": {
                "0": 857,
                "1": 433,
                "-1": 0
            },
            "average": 0.33565891472868215
        }
    },
    "eval_performance": {
        "accuracy": 0.834108527131783,
        "pos_label=0": {
            "precision": 0.897316219369895,
            "recall": 0.8592178770949721,
            "f1": 0.8778538812785388
        },
        "pos_label=1": {
            "precision": 0.7090069284064665,
            "recall": 0.7772151898734178,
            "f1": 0.7415458937198067
        },
        "macro": {
            "precision": 0.8031615738881808,
            "recall": 0.8182165334841949,
            "f1": 0.8096998874991728
        }
    },
    "eval_runtime": 1.4524,
    "eval_samples_per_second": 888.169,
    "eval_steps_per_second": 111.537,
    "epoch": 3.0
}