{
  "best_metric": null,
  "best_model_checkpoint": null,
  "epoch": 1.0,
  "eval_steps": 500,
  "global_step": 333,
  "is_hyper_param_search": false,
  "is_local_process_zero": true,
  "is_world_process_zero": true,
  "log_history": [
    {
      "epoch": 1.0,
      "grad_norm": 6.51878023147583,
      "learning_rate": 7.408231368186874e-05,
      "loss": 0.508,
      "step": 333
    },
    {
      "epoch": 1.0,
      "eval_loss": 0.41824403405189514,
      "eval_performance": {
        "accuracy": 0.8155038759689922,
        "macro": {
          "f1": 0.7766568508776013,
          "precision": 0.7859889936682068,
          "recall": 0.769450533908493
        },
        "pos_label=0": {
          "f1": 0.8698030634573304,
          "precision": 0.8520900321543409,
          "recall": 0.888268156424581
        },
        "pos_label=1": {
          "f1": 0.6835106382978723,
          "precision": 0.7198879551820728,
          "recall": 0.6506329113924051
        }
      },
      "eval_runtime": 3.6433,
      "eval_samples_per_second": 354.079,
      "eval_statistics": {
        "total_samples": 1290,
        "y_pred_distribution": {
          "average": 0.27674418604651163,
          "count": {
            "-1": 0,
            "0": 933,
            "1": 357
          }
        },
        "y_true_distribution": {
          "average": 0.3062015503875969,
          "count": {
            "-1": 0,
            "0": 895,
            "1": 395
          }
        }
      },
      "eval_steps_per_second": 44.466,
      "step": 333
    }
  ],
  "logging_steps": 500,
  "max_steps": 999,
  "num_input_tokens_seen": 0,
  "num_train_epochs": 3,
  "save_steps": 500,
  "total_flos": 837561245075280.0,
  "train_batch_size": 16,
  "trial_name": null,
  "trial_params": null
}
