{
  "best_metric": null,
  "best_model_checkpoint": null,
  "epoch": 1.0,
  "eval_steps": 500,
  "global_step": 319,
  "is_hyper_param_search": false,
  "is_local_process_zero": true,
  "is_world_process_zero": true,
  "log_history": [
    {
      "epoch": 1.0,
      "grad_norm": 8.459024429321289,
      "learning_rate": 1.4889148191365228e-05,
      "loss": 0.5434,
      "step": 319
    },
    {
      "epoch": 1.0,
      "eval_loss": 0.39898326992988586,
      "eval_performance": {
        "accuracy": 0.8,
        "macro": {
          "f1": 0.7829042122401269,
          "precision": 0.7746287929295308,
          "recall": 0.8134361077717276
        },
        "pos_label=0": {
          "f1": 0.8438256658595642,
          "precision": 0.9207397622192867,
          "recall": 0.7787709497206704
        },
        "pos_label=1": {
          "f1": 0.7219827586206896,
          "precision": 0.6285178236397748,
          "recall": 0.8481012658227848
        }
      },
      "eval_runtime": 1.4426,
      "eval_samples_per_second": 894.205,
      "eval_statistics": {
        "total_samples": 1290,
        "y_pred_distribution": {
          "average": 0.4131782945736434,
          "count": {
            "-1": 0,
            "0": 757,
            "1": 533
          }
        },
        "y_true_distribution": {
          "average": 0.3062015503875969,
          "count": {
            "-1": 0,
            "0": 895,
            "1": 395
          }
        }
      },
      "eval_steps_per_second": 112.295,
      "step": 319
    }
  ],
  "logging_steps": 500,
  "max_steps": 957,
  "num_input_tokens_seen": 0,
  "num_train_epochs": 3,
  "save_steps": 500,
  "total_flos": 272566608912000.0,
  "train_batch_size": 16,
  "trial_name": null,
  "trial_params": null
}
