{
  "best_metric": null,
  "best_model_checkpoint": null,
  "epoch": 3.0,
  "eval_steps": 500,
  "global_step": 480,
  "is_hyper_param_search": false,
  "is_local_process_zero": true,
  "is_world_process_zero": true,
  "log_history": [
    {
      "epoch": 1.0,
      "grad_norm": 5.176830291748047,
      "learning_rate": 1.6842105263157896e-05,
      "loss": 0.4641,
      "step": 160
    },
    {
      "epoch": 1.0,
      "eval_loss": 0.372449666261673,
      "eval_performance": {
        "accuracy": 0.8403100775193798,
        "macro": {
          "f1": 0.8060767578170609,
          "precision": 0.8176840679523886,
          "recall": 0.7972279188176226
        },
        "pos_label=0": {
          "f1": 0.8875545851528385,
          "precision": 0.8676627534685165,
          "recall": 0.9083798882681564
        },
        "pos_label=1": {
          "f1": 0.7245989304812834,
          "precision": 0.7677053824362606,
          "recall": 0.6860759493670886
        }
      },
      "eval_runtime": 4.1543,
      "eval_samples_per_second": 310.519,
      "eval_statistics": {
        "total_samples": 1290,
        "y_pred_distribution": {
          "average": 0.27364341085271315,
          "count": {
            "-1": 0,
            "0": 937,
            "1": 353
          }
        },
        "y_true_distribution": {
          "average": 0.3062015503875969,
          "count": {
            "-1": 0,
            "0": 895,
            "1": 395
          }
        }
      },
      "eval_steps_per_second": 19.498,
      "step": 160
    },
    {
      "epoch": 2.0,
      "grad_norm": 4.134838104248047,
      "learning_rate": 8.421052631578948e-06,
      "loss": 0.3136,
      "step": 320
    },
    {
      "epoch": 2.0,
      "eval_loss": 0.3486137390136719,
      "eval_performance": {
        "accuracy": 0.8565891472868217,
        "macro": {
          "f1": 0.8265285873473811,
          "precision": 0.8370986884695615,
          "recall": 0.8181528887631708
        },
        "pos_label=0": {
          "f1": 0.8987411056376574,
          "precision": 0.880901287553648,
          "recall": 0.9173184357541899
        },
        "pos_label=1": {
          "f1": 0.7543160690571049,
          "precision": 0.7932960893854749,
          "recall": 0.7189873417721518
        }
      },
      "eval_runtime": 4.177,
      "eval_samples_per_second": 308.834,
      "eval_statistics": {
        "total_samples": 1290,
        "y_pred_distribution": {
          "average": 0.2775193798449612,
          "count": {
            "-1": 0,
            "0": 932,
            "1": 358
          }
        },
        "y_true_distribution": {
          "average": 0.3062015503875969,
          "count": {
            "-1": 0,
            "0": 895,
            "1": 395
          }
        }
      },
      "eval_steps_per_second": 19.392,
      "step": 320
    },
    {
      "epoch": 3.0,
      "grad_norm": 12.509237289428711,
      "learning_rate": 0.0,
      "loss": 0.2139,
      "step": 480
    },
    {
      "epoch": 3.0,
      "eval_loss": 0.39459681510925293,
      "eval_performance": {
        "accuracy": 0.8449612403100775,
        "macro": {
          "f1": 0.81376090364942,
          "precision": 0.8210786412037515,
          "recall": 0.8076515097942154
        },
        "pos_label=0": {
          "f1": 0.88998899889989,
          "precision": 0.8764897074756229,
          "recall": 0.9039106145251397
        },
        "pos_label=1": {
          "f1": 0.7375328083989501,
          "precision": 0.7656675749318801,
          "recall": 0.7113924050632912
        }
      },
      "eval_runtime": 4.318,
      "eval_samples_per_second": 298.752,
      "eval_statistics": {
        "total_samples": 1290,
        "y_pred_distribution": {
          "average": 0.28449612403100777,
          "count": {
            "-1": 0,
            "0": 923,
            "1": 367
          }
        },
        "y_true_distribution": {
          "average": 0.3062015503875969,
          "count": {
            "-1": 0,
            "0": 895,
            "1": 395
          }
        }
      },
      "eval_steps_per_second": 18.759,
      "step": 480
    }
  ],
  "logging_steps": 500,
  "max_steps": 480,
  "num_input_tokens_seen": 0,
  "num_train_epochs": 3,
  "save_steps": 500,
  "total_flos": 2812721749513200.0,
  "train_batch_size": 32,
  "trial_name": null,
  "trial_params": null
}
