{
    "eval_loss": 0.38456910848617554,
    "eval_statistics": {
        "total_samples": 1290,
        "y_true_distribution": {
            "count": {
                "0": 895,
                "1": 395,
                "-1": 0
            },
            "average": 0.3062015503875969
        },
        "y_pred_distribution": {
            "count": {
                "0": 924,
                "1": 366,
                "-1": 0
            },
            "average": 0.2837209302325581
        }
    },
    "eval_performance": {
        "accuracy": 0.8658914728682171,
        "pos_label=0": {
            "precision": 0.8906926406926406,
            "recall": 0.9195530726256983,
            "f1": 0.9048927982407916
        },
        "pos_label=1": {
            "precision": 0.8032786885245902,
            "recall": 0.7443037974683544,
            "f1": 0.7726675427069645
        },
        "macro": {
            "precision": 0.8469856646086154,
            "recall": 0.8319284350470264,
            "f1": 0.838780170473878
        }
    },
    "eval_runtime": 4.6752,
    "eval_samples_per_second": 275.921,
    "eval_steps_per_second": 34.651,
    "epoch": 3.0
}