{
  "best_metric": null,
  "best_model_checkpoint": null,
  "epoch": 1.0,
  "eval_steps": 500,
  "global_step": 160,
  "is_hyper_param_search": false,
  "is_local_process_zero": true,
  "is_world_process_zero": true,
  "log_history": [
    {
      "epoch": 1.0,
      "grad_norm": 8.933345794677734,
      "learning_rate": 1.6842105263157896e-05,
      "loss": 0.4832,
      "step": 160
    },
    {
      "epoch": 1.0,
      "eval_loss": 0.34511488676071167,
      "eval_performance": {
        "accuracy": 0.858139534883721,
        "macro": {
          "f1": 0.83610472579634,
          "precision": 0.8306615414855745,
          "recall": 0.8426066049077151
        },
        "pos_label=0": {
          "f1": 0.8961996596710153,
          "precision": 0.9101382488479263,
          "recall": 0.88268156424581
        },
        "pos_label=1": {
          "f1": 0.7760097919216646,
          "precision": 0.7511848341232228,
          "recall": 0.8025316455696202
        }
      },
      "eval_runtime": 4.3204,
      "eval_samples_per_second": 298.583,
      "eval_statistics": {
        "total_samples": 1290,
        "y_pred_distribution": {
          "average": 0.3271317829457364,
          "count": {
            "-1": 0,
            "0": 868,
            "1": 422
          }
        },
        "y_true_distribution": {
          "average": 0.3062015503875969,
          "count": {
            "-1": 0,
            "0": 895,
            "1": 395
          }
        }
      },
      "eval_steps_per_second": 18.748,
      "step": 160
    }
  ],
  "logging_steps": 500,
  "max_steps": 480,
  "num_input_tokens_seen": 0,
  "num_train_epochs": 3,
  "save_steps": 500,
  "total_flos": 1058251747341600.0,
  "train_batch_size": 32,
  "trial_name": null,
  "trial_params": null
}
