{
  "best_metric": null,
  "best_model_checkpoint": null,
  "epoch": 2.0,
  "eval_steps": 500,
  "global_step": 638,
  "is_hyper_param_search": false,
  "is_local_process_zero": true,
  "is_world_process_zero": true,
  "log_history": [
    {
      "epoch": 1.0,
      "grad_norm": 3.451871395111084,
      "learning_rate": 7.444574095682614e-05,
      "loss": 0.4967,
      "step": 319
    },
    {
      "epoch": 1.0,
      "eval_loss": 0.4361446499824524,
      "eval_performance": {
        "accuracy": 0.7945736434108527,
        "macro": {
          "f1": 0.7226258893862718,
          "precision": 0.7862694507460779,
          "recall": 0.7027437946397002
        },
        "pos_label=0": {
          "f1": 0.8638931689779148,
          "precision": 0.7994296577946768,
          "recall": 0.9396648044692737
        },
        "pos_label=1": {
          "f1": 0.5813586097946287,
          "precision": 0.773109243697479,
          "recall": 0.46582278481012657
        }
      },
      "eval_runtime": 3.6028,
      "eval_samples_per_second": 358.06,
      "eval_statistics": {
        "total_samples": 1290,
        "y_pred_distribution": {
          "average": 0.18449612403100776,
          "count": {
            "-1": 0,
            "0": 1052,
            "1": 238
          }
        },
        "y_true_distribution": {
          "average": 0.3062015503875969,
          "count": {
            "-1": 0,
            "0": 895,
            "1": 395
          }
        }
      },
      "eval_steps_per_second": 44.966,
      "step": 319
    },
    {
      "epoch": 2.0,
      "grad_norm": 2.3489255905151367,
      "learning_rate": 3.722287047841307e-05,
      "loss": 0.3569,
      "step": 638
    },
    {
      "epoch": 2.0,
      "eval_loss": 0.41073763370513916,
      "eval_performance": {
        "accuracy": 0.8317829457364341,
        "macro": {
          "f1": 0.8056542376929277,
          "precision": 0.8007267346626772,
          "recall": 0.8115904108620324
        },
        "pos_label=0": {
          "f1": 0.8769143505388542,
          "precision": 0.8905529953917051,
          "recall": 0.8636871508379889
        },
        "pos_label=1": {
          "f1": 0.7343941248470012,
          "precision": 0.7109004739336493,
          "recall": 0.759493670886076
        }
      },
      "eval_runtime": 3.5597,
      "eval_samples_per_second": 362.385,
      "eval_statistics": {
        "total_samples": 1290,
        "y_pred_distribution": {
          "average": 0.3271317829457364,
          "count": {
            "-1": 0,
            "0": 868,
            "1": 422
          }
        },
        "y_true_distribution": {
          "average": 0.3062015503875969,
          "count": {
            "-1": 0,
            "0": 895,
            "1": 395
          }
        }
      },
      "eval_steps_per_second": 45.509,
      "step": 638
    }
  ],
  "logging_steps": 500,
  "max_steps": 957,
  "num_input_tokens_seen": 0,
  "num_train_epochs": 3,
  "save_steps": 500,
  "total_flos": 1192446490536000.0,
  "train_batch_size": 16,
  "trial_name": null,
  "trial_params": null
}
