{
  "best_metric": null,
  "best_model_checkpoint": null,
  "epoch": 1.0,
  "eval_steps": 500,
  "global_step": 160,
  "is_hyper_param_search": false,
  "is_local_process_zero": true,
  "is_world_process_zero": true,
  "log_history": [
    {
      "epoch": 1.0,
      "grad_norm": 6.743338584899902,
      "learning_rate": 1.6842105263157896e-05,
      "loss": 0.4934,
      "step": 160
    },
    {
      "epoch": 1.0,
      "eval_loss": 0.3678267002105713,
      "eval_performance": {
        "accuracy": 0.8418604651162791,
        "macro": {
          "f1": 0.8162002994881881,
          "precision": 0.8125957686477949,
          "recall": 0.8202673078283007
        },
        "pos_label=0": {
          "f1": 0.8848758465011287,
          "precision": 0.8939566704675028,
          "recall": 0.8759776536312849
        },
        "pos_label=1": {
          "f1": 0.7475247524752475,
          "precision": 0.7312348668280871,
          "recall": 0.7645569620253164
        }
      },
      "eval_runtime": 4.3617,
      "eval_samples_per_second": 295.759,
      "eval_statistics": {
        "total_samples": 1290,
        "y_pred_distribution": {
          "average": 0.3201550387596899,
          "count": {
            "-1": 0,
            "0": 877,
            "1": 413
          }
        },
        "y_true_distribution": {
          "average": 0.3062015503875969,
          "count": {
            "-1": 0,
            "0": 895,
            "1": 395
          }
        }
      },
      "eval_steps_per_second": 18.571,
      "step": 160
    }
  ],
  "logging_steps": 500,
  "max_steps": 480,
  "num_input_tokens_seen": 0,
  "num_train_epochs": 3,
  "save_steps": 500,
  "total_flos": 1002554286955200.0,
  "train_batch_size": 32,
  "trial_name": null,
  "trial_params": null
}
