{
  "best_metric": null,
  "best_model_checkpoint": null,
  "epoch": 2.0,
  "eval_steps": 500,
  "global_step": 638,
  "is_hyper_param_search": false,
  "is_local_process_zero": true,
  "is_world_process_zero": true,
  "log_history": [
    {
      "epoch": 1.0,
      "grad_norm": 21.268484115600586,
      "learning_rate": 1.4889148191365228e-05,
      "loss": 0.5583,
      "step": 319
    },
    {
      "epoch": 1.0,
      "eval_loss": 0.4233270585536957,
      "eval_performance": {
        "accuracy": 0.8062015503875969,
        "macro": {
          "f1": 0.7908017644006227,
          "precision": 0.7829567144880241,
          "recall": 0.8249770171840747
        },
        "pos_label=0": {
          "f1": 0.8475609756097561,
          "precision": 0.9328859060402684,
          "recall": 0.776536312849162
        },
        "pos_label=1": {
          "f1": 0.7340425531914894,
          "precision": 0.6330275229357798,
          "recall": 0.8734177215189873
        }
      },
      "eval_runtime": 4.623,
      "eval_samples_per_second": 279.038,
      "eval_statistics": {
        "total_samples": 1290,
        "y_pred_distribution": {
          "average": 0.42248062015503873,
          "count": {
            "-1": 0,
            "0": 745,
            "1": 545
          }
        },
        "y_true_distribution": {
          "average": 0.3062015503875969,
          "count": {
            "-1": 0,
            "0": 895,
            "1": 395
          }
        }
      },
      "eval_steps_per_second": 35.042,
      "step": 319
    },
    {
      "epoch": 2.0,
      "grad_norm": 9.643418312072754,
      "learning_rate": 7.444574095682614e-06,
      "loss": 0.3652,
      "step": 638
    },
    {
      "epoch": 2.0,
      "eval_loss": 0.3902370035648346,
      "eval_performance": {
        "accuracy": 0.8643410852713178,
        "macro": {
          "f1": 0.8402447386913443,
          "precision": 0.8404867657722987,
          "recall": 0.8400042429814016
        },
        "pos_label=0": {
          "f1": 0.9022892238972641,
          "precision": 0.9017857142857143,
          "recall": 0.9027932960893855
        },
        "pos_label=1": {
          "f1": 0.7782002534854245,
          "precision": 0.7791878172588832,
          "recall": 0.7772151898734178
        }
      },
      "eval_runtime": 4.622,
      "eval_samples_per_second": 279.101,
      "eval_statistics": {
        "total_samples": 1290,
        "y_pred_distribution": {
          "average": 0.3054263565891473,
          "count": {
            "-1": 0,
            "0": 896,
            "1": 394
          }
        },
        "y_true_distribution": {
          "average": 0.3062015503875969,
          "count": {
            "-1": 0,
            "0": 895,
            "1": 395
          }
        }
      },
      "eval_steps_per_second": 35.05,
      "step": 638
    }
  ],
  "logging_steps": 500,
  "max_steps": 957,
  "num_input_tokens_seen": 0,
  "num_train_epochs": 3,
  "save_steps": 500,
  "total_flos": 1912279473266400.0,
  "train_batch_size": 16,
  "trial_name": null,
  "trial_params": null
}
