{
    "eval_loss": 0.6267561316490173,
    "eval_statistics": {
        "total_samples": 1290,
        "y_true_distribution": {
            "count": {
                "0": 895,
                "1": 395,
                "-1": 0
            },
            "average": 0.3062015503875969
        },
        "y_pred_distribution": {
            "count": {
                "0": 866,
                "1": 424,
                "-1": 0
            },
            "average": 0.32868217054263565
        }
    },
    "eval_performance": {
        "accuracy": 0.8333333333333334,
        "pos_label=0": {
            "precision": 0.8926096997690531,
            "recall": 0.8636871508379889,
            "f1": 0.8779102782509938
        },
        "pos_label=1": {
            "precision": 0.7122641509433962,
            "recall": 0.7645569620253164,
            "f1": 0.7374847374847375
        },
        "macro": {
            "precision": 0.8024369253562247,
            "recall": 0.8141220564316527,
            "f1": 0.8076975078678656
        }
    },
    "eval_runtime": 3.9757,
    "eval_samples_per_second": 324.468,
    "eval_steps_per_second": 40.747,
    "epoch": 3.0
}