{
  "best_metric": null,
  "best_model_checkpoint": null,
  "epoch": 1.0,
  "eval_steps": 500,
  "global_step": 160,
  "is_hyper_param_search": false,
  "is_local_process_zero": true,
  "is_world_process_zero": true,
  "log_history": [
    {
      "epoch": 1.0,
      "grad_norm": 31.49527931213379,
      "learning_rate": 1.6842105263157896e-05,
      "loss": 0.5587,
      "step": 160
    },
    {
      "epoch": 1.0,
      "eval_loss": 0.39940527081489563,
      "eval_performance": {
        "accuracy": 0.8108527131782945,
        "macro": {
          "f1": 0.7916098398078436,
          "precision": 0.7818476687524156,
          "recall": 0.8156000282865427
        },
        "pos_label=0": {
          "f1": 0.8549346016646849,
          "precision": 0.9135959339263025,
          "recall": 0.8033519553072626
        },
        "pos_label=1": {
          "f1": 0.7282850779510023,
          "precision": 0.6500994035785288,
          "recall": 0.8278481012658228
        }
      },
      "eval_runtime": 2.2137,
      "eval_samples_per_second": 582.741,
      "eval_statistics": {
        "total_samples": 1290,
        "y_pred_distribution": {
          "average": 0.38992248062015505,
          "count": {
            "-1": 0,
            "0": 787,
            "1": 503
          }
        },
        "y_true_distribution": {
          "average": 0.3062015503875969,
          "count": {
            "-1": 0,
            "0": 895,
            "1": 395
          }
        }
      },
      "eval_steps_per_second": 36.591,
      "step": 160
    }
  ],
  "logging_steps": 500,
  "max_steps": 480,
  "num_input_tokens_seen": 0,
  "num_train_epochs": 3,
  "save_steps": 500,
  "total_flos": 280429107246000.0,
  "train_batch_size": 32,
  "trial_name": null,
  "trial_params": null
}
