{
    "eval_loss": 0.35571300983428955,
    "eval_statistics": {
        "total_samples": 1290,
        "y_true_distribution": {
            "count": {
                "0": 895,
                "1": 395,
                "-1": 0
            },
            "average": 0.3062015503875969
        },
        "y_pred_distribution": {
            "count": {
                "0": 909,
                "1": 381,
                "-1": 0
            },
            "average": 0.29534883720930233
        }
    },
    "eval_performance": {
        "accuracy": 0.875968992248062,
        "pos_label=0": {
            "precision": 0.9042904290429042,
            "recall": 0.9184357541899442,
            "f1": 0.9113082039911308
        },
        "pos_label=1": {
            "precision": 0.8083989501312336,
            "recall": 0.779746835443038,
            "f1": 0.7938144329896907
        },
        "macro": {
            "precision": 0.856344689587069,
            "recall": 0.849091294816491,
            "f1": 0.8525613184904107
        }
    },
    "eval_runtime": 4.478,
    "eval_samples_per_second": 288.078,
    "eval_steps_per_second": 18.089,
    "epoch": 3.0
}