{
    "eval_loss": 0.7006015777587891,
    "eval_statistics": {
        "total_samples": 1290,
        "y_true_distribution": {
            "count": {
                "0": 895,
                "1": 395,
                "-1": 0
            },
            "average": 0.3062015503875969
        },
        "y_pred_distribution": {
            "count": {
                "0": 0,
                "1": 1290,
                "-1": 0
            },
            "average": 1.0
        }
    },
    "eval_performance": {
        "accuracy": 0.3062015503875969,
        "pos_label=0": {
            "precision": 0.0,
            "recall": 0.0,
            "f1": 0.0
        },
        "pos_label=1": {
            "precision": 0.3062015503875969,
            "recall": 1.0,
            "f1": 0.4688427299703264
        },
        "macro": {
            "precision": 0.15310077519379844,
            "recall": 0.5,
            "f1": 0.2344213649851632
        }
    },
    "eval_runtime": 3.9941,
    "eval_samples_per_second": 322.974,
    "eval_steps_per_second": 20.28,
    "epoch": 3.0
}