{
  "best_metric": null,
  "best_model_checkpoint": null,
  "epoch": 1.0,
  "eval_steps": 500,
  "global_step": 453,
  "is_hyper_param_search": false,
  "is_local_process_zero": true,
  "is_world_process_zero": true,
  "log_history": [
    {
      "epoch": 1.0,
      "grad_norm": 2.8484764099121094,
      "learning_rate": 7.196187450357426e-05,
      "loss": 0.5292,
      "step": 453
    },
    {
      "epoch": 1.0,
      "eval_loss": 0.4799860417842865,
      "eval_performance": {
        "accuracy": 0.7891472868217054,
        "macro": {
          "f1": 0.7769210424592599,
          "precision": 0.7753126504581185,
          "recall": 0.8218796407609079
        },
        "pos_label=0": {
          "f1": 0.8291457286432161,
          "precision": 0.9469153515064562,
          "recall": 0.7374301675977654
        },
        "pos_label=1": {
          "f1": 0.7246963562753036,
          "precision": 0.6037099494097807,
          "recall": 0.9063291139240506
        }
      },
      "eval_runtime": 31.0894,
      "eval_samples_per_second": 41.493,
      "eval_statistics": {
        "total_samples": 1290,
        "y_pred_distribution": {
          "average": 0.45968992248062013,
          "count": {
            "-1": 0,
            "0": 697,
            "1": 593
          }
        },
        "y_true_distribution": {
          "average": 0.3062015503875969,
          "count": {
            "-1": 0,
            "0": 895,
            "1": 395
          }
        }
      },
      "eval_steps_per_second": 5.211,
      "step": 453
    }
  ],
  "logging_steps": 500,
  "max_steps": 1359,
  "num_input_tokens_seen": 0,
  "num_train_epochs": 3,
  "save_steps": 500,
  "total_flos": 1.1994061218426672e+16,
  "train_batch_size": 16,
  "trial_name": null,
  "trial_params": null
}
