{
  "best_metric": null,
  "best_model_checkpoint": null,
  "epoch": 1.0,
  "eval_steps": 500,
  "global_step": 160,
  "is_hyper_param_search": false,
  "is_local_process_zero": true,
  "is_world_process_zero": true,
  "log_history": [
    {
      "epoch": 1.0,
      "grad_norm": 14.810235977172852,
      "learning_rate": 1.6842105263157896e-05,
      "loss": 0.5226,
      "step": 160
    },
    {
      "epoch": 1.0,
      "eval_loss": 0.37390202283859253,
      "eval_performance": {
        "accuracy": 0.8449612403100775,
        "macro": {
          "f1": 0.8195607352969974,
          "precision": 0.8162809430092258,
          "recall": 0.8232091082667421
        },
        "pos_label=0": {
          "f1": 0.887260428410372,
          "precision": 0.8953356086461889,
          "recall": 0.8793296089385475
        },
        "pos_label=1": {
          "f1": 0.7518610421836228,
          "precision": 0.7372262773722628,
          "recall": 0.7670886075949367
        }
      },
      "eval_runtime": 3.8463,
      "eval_samples_per_second": 335.384,
      "eval_statistics": {
        "total_samples": 1290,
        "y_pred_distribution": {
          "average": 0.3186046511627907,
          "count": {
            "-1": 0,
            "0": 879,
            "1": 411
          }
        },
        "y_true_distribution": {
          "average": 0.3062015503875969,
          "count": {
            "-1": 0,
            "0": 895,
            "1": 395
          }
        }
      },
      "eval_steps_per_second": 21.059,
      "step": 160
    }
  ],
  "logging_steps": 500,
  "max_steps": 480,
  "num_input_tokens_seen": 0,
  "num_train_epochs": 3,
  "save_steps": 500,
  "total_flos": 900442276246800.0,
  "train_batch_size": 32,
  "trial_name": null,
  "trial_params": null
}
