{
  "best_metric": null,
  "best_model_checkpoint": null,
  "epoch": 1.0,
  "eval_steps": 500,
  "global_step": 453,
  "is_hyper_param_search": false,
  "is_local_process_zero": true,
  "is_world_process_zero": true,
  "log_history": [
    {
      "epoch": 1.0,
      "grad_norm": 14.310192108154297,
      "learning_rate": 7.196187450357426e-05,
      "loss": 0.4635,
      "step": 453
    },
    {
      "epoch": 1.0,
      "eval_loss": 0.383465051651001,
      "eval_performance": {
        "accuracy": 0.8372093023255814,
        "macro": {
          "f1": 0.8132568989477864,
          "precision": 0.8066379038538756,
          "recall": 0.8218654974895694
        },
        "pos_label=0": {
          "f1": 0.8801369863013698,
          "precision": 0.8996499416569428,
          "recall": 0.8614525139664805
        },
        "pos_label=1": {
          "f1": 0.7463768115942029,
          "precision": 0.7136258660508084,
          "recall": 0.7822784810126582
        }
      },
      "eval_runtime": 9.955,
      "eval_samples_per_second": 129.584,
      "eval_statistics": {
        "total_samples": 1290,
        "y_pred_distribution": {
          "average": 0.33565891472868215,
          "count": {
            "-1": 0,
            "0": 857,
            "1": 433
          }
        },
        "y_true_distribution": {
          "average": 0.3062015503875969,
          "count": {
            "-1": 0,
            "0": 895,
            "1": 395
          }
        }
      },
      "eval_steps_per_second": 16.273,
      "step": 453
    }
  ],
  "logging_steps": 500,
  "max_steps": 1359,
  "num_input_tokens_seen": 0,
  "num_train_epochs": 3,
  "save_steps": 500,
  "total_flos": 3002268816682800.0,
  "train_batch_size": 16,
  "trial_name": null,
  "trial_params": null
}
