{
    "eval_loss": 0.45425742864608765,
    "eval_statistics": {
        "total_samples": 1290,
        "y_true_distribution": {
            "count": {
                "0": 895,
                "1": 395,
                "-1": 0
            },
            "average": 0.3062015503875969
        },
        "y_pred_distribution": {
            "count": {
                "0": 771,
                "1": 519,
                "-1": 0
            },
            "average": 0.40232558139534885
        }
    },
    "eval_performance": {
        "accuracy": 0.8201550387596899,
        "pos_label=0": {
            "precision": 0.9299610894941635,
            "recall": 0.8011173184357542,
            "f1": 0.8607442977190877
        },
        "pos_label=1": {
            "precision": 0.6570327552986512,
            "recall": 0.8632911392405064,
            "f1": 0.7461706783369803
        },
        "macro": {
            "precision": 0.7934969223964073,
            "recall": 0.8322042288381303,
            "f1": 0.803457488028034
        }
    },
    "eval_runtime": 2.8338,
    "eval_samples_per_second": 455.212,
    "eval_steps_per_second": 7.41,
    "epoch": 3.0
}