{
  "best_metric": null,
  "best_model_checkpoint": null,
  "epoch": 2.0,
  "eval_steps": 500,
  "global_step": 638,
  "is_hyper_param_search": false,
  "is_local_process_zero": true,
  "is_world_process_zero": true,
  "log_history": [
    {
      "epoch": 1.0,
      "grad_norm": 4.1540021896362305,
      "learning_rate": 1.4889148191365228e-05,
      "loss": 0.6203,
      "step": 319
    },
    {
      "epoch": 1.0,
      "eval_loss": 0.6319634914398193,
      "eval_performance": {
        "accuracy": 0.6937984496124031,
        "macro": {
          "f1": 0.4096109839816934,
          "precision": 0.34689922480620156,
          "recall": 0.5
        },
        "pos_label=0": {
          "f1": 0.8192219679633868,
          "precision": 0.6937984496124031,
          "recall": 1.0
        },
        "pos_label=1": {
          "f1": 0.0,
          "precision": 0.0,
          "recall": 0.0
        }
      },
      "eval_runtime": 4.7582,
      "eval_samples_per_second": 271.109,
      "eval_statistics": {
        "total_samples": 1290,
        "y_pred_distribution": {
          "average": 0.0,
          "count": {
            "-1": 0,
            "0": 1290,
            "1": 0
          }
        },
        "y_true_distribution": {
          "average": 0.3062015503875969,
          "count": {
            "-1": 0,
            "0": 895,
            "1": 395
          }
        }
      },
      "eval_steps_per_second": 34.046,
      "step": 319
    },
    {
      "epoch": 2.0,
      "grad_norm": 3.143625020980835,
      "learning_rate": 7.444574095682614e-06,
      "loss": 0.6137,
      "step": 638
    },
    {
      "epoch": 2.0,
      "eval_loss": 0.6160545945167542,
      "eval_performance": {
        "accuracy": 0.6937984496124031,
        "macro": {
          "f1": 0.4096109839816934,
          "precision": 0.34689922480620156,
          "recall": 0.5
        },
        "pos_label=0": {
          "f1": 0.8192219679633868,
          "precision": 0.6937984496124031,
          "recall": 1.0
        },
        "pos_label=1": {
          "f1": 0.0,
          "precision": 0.0,
          "recall": 0.0
        }
      },
      "eval_runtime": 4.7542,
      "eval_samples_per_second": 271.341,
      "eval_statistics": {
        "total_samples": 1290,
        "y_pred_distribution": {
          "average": 0.0,
          "count": {
            "-1": 0,
            "0": 1290,
            "1": 0
          }
        },
        "y_true_distribution": {
          "average": 0.3062015503875969,
          "count": {
            "-1": 0,
            "0": 895,
            "1": 395
          }
        }
      },
      "eval_steps_per_second": 34.075,
      "step": 638
    }
  ],
  "logging_steps": 500,
  "max_steps": 957,
  "num_input_tokens_seen": 0,
  "num_train_epochs": 3,
  "save_steps": 500,
  "total_flos": 1930845293395200.0,
  "train_batch_size": 16,
  "trial_name": null,
  "trial_params": null
}
