{
    "eval_loss": 0.4107935130596161,
    "eval_statistics": {
        "total_samples": 1290,
        "y_true_distribution": {
            "count": {
                "0": 895,
                "1": 395,
                "-1": 0
            },
            "average": 0.3062015503875969
        },
        "y_pred_distribution": {
            "count": {
                "0": 816,
                "1": 474,
                "-1": 0
            },
            "average": 0.3674418604651163
        }
    },
    "eval_performance": {
        "accuracy": 0.8472868217054264,
        "pos_label=0": {
            "precision": 0.9276960784313726,
            "recall": 0.8458100558659218,
            "f1": 0.8848626534190532
        },
        "pos_label=1": {
            "precision": 0.7088607594936709,
            "recall": 0.850632911392405,
            "f1": 0.7733026467203682
        },
        "macro": {
            "precision": 0.8182784189625217,
            "recall": 0.8482214836291635,
            "f1": 0.8290826500697107
        }
    },
    "eval_runtime": 2.9687,
    "eval_samples_per_second": 434.539,
    "eval_steps_per_second": 7.074,
    "epoch": 3.0
}