{
  "best_metric": null,
  "best_model_checkpoint": null,
  "epoch": 1.0,
  "eval_steps": 500,
  "global_step": 227,
  "is_hyper_param_search": false,
  "is_local_process_zero": true,
  "is_world_process_zero": true,
  "log_history": [
    {
      "epoch": 1.0,
      "grad_norm": 9.937268257141113,
      "learning_rate": 1.5628227194492257e-05,
      "loss": 0.4859,
      "step": 227
    },
    {
      "epoch": 1.0,
      "eval_loss": 0.4389234781265259,
      "eval_performance": {
        "accuracy": 0.8248062015503876,
        "macro": {
          "f1": 0.8079669287355353,
          "precision": 0.7976096397149028,
          "recall": 0.8355561841453929
        },
        "pos_label=0": {
          "f1": 0.8648325358851675,
          "precision": 0.9305019305019305,
          "recall": 0.8078212290502793
        },
        "pos_label=1": {
          "f1": 0.751101321585903,
          "precision": 0.6647173489278753,
          "recall": 0.8632911392405064
        }
      },
      "eval_runtime": 4.1669,
      "eval_samples_per_second": 309.583,
      "eval_statistics": {
        "total_samples": 1290,
        "y_pred_distribution": {
          "average": 0.39767441860465114,
          "count": {
            "-1": 0,
            "0": 777,
            "1": 513
          }
        },
        "y_true_distribution": {
          "average": 0.3062015503875969,
          "count": {
            "-1": 0,
            "0": 895,
            "1": 395
          }
        }
      },
      "eval_steps_per_second": 19.439,
      "step": 227
    }
  ],
  "logging_steps": 500,
  "max_steps": 681,
  "num_input_tokens_seen": 0,
  "num_train_epochs": 3,
  "save_steps": 500,
  "total_flos": 1329884257253496.0,
  "train_batch_size": 32,
  "trial_name": null,
  "trial_params": null
}
