{
    "summary": {
        "total_samples": 5100
    },
    "labels": {
        "count": {
            "0": 3617,
            "1": 1483
        },
        "average": 0.2907843137254902
    },
    "baseline_performance": {
        "majority_class": {
            "statistics": {
                "total_samples": 5100,
                "label_distribution": {
                    "count": {
                        "0": 3617,
                        "1": 1483
                    },
                    "average": 0.2907843137254902
                }
            },
            "performance": {
                "accuracy": 0.7092156862745098,
                "pos_label=0": {
                    "precision": 0.7092156862745098,
                    "recall": 1.0,
                    "f1": 0.8298726626132844
                },
                "pos_label=1": {
                    "precision": 0.0,
                    "recall": 0.0,
                    "f1": 0.0
                },
                "macro": {
                    "precision": 0.3546078431372549,
                    "recall": 0.5,
                    "f1": 0.4149363313066422
                }
            }
        }
    }
}