{
    "eval_loss": 0.5449039936065674,
    "eval_statistics": {
        "total_samples": 1290,
        "y_true_distribution": {
            "count": {
                "0": 895,
                "1": 395,
                "-1": 0
            },
            "average": 0.3062015503875969
        },
        "y_pred_distribution": {
            "count": {
                "0": 836,
                "1": 454,
                "-1": 0
            },
            "average": 0.351937984496124
        }
    },
    "eval_performance": {
        "accuracy": 0.8286821705426357,
        "pos_label=0": {
            "precision": 0.90311004784689,
            "recall": 0.8435754189944135,
            "f1": 0.8723281340265743
        },
        "pos_label=1": {
            "precision": 0.6916299559471366,
            "recall": 0.7949367088607595,
            "f1": 0.7396937573616019
        },
        "macro": {
            "precision": 0.7973700018970133,
            "recall": 0.8192560639275865,
            "f1": 0.806010945694088
        }
    },
    "eval_runtime": 3.5799,
    "eval_samples_per_second": 360.348,
    "eval_steps_per_second": 45.253,
    "epoch": 3.0
}