{
  "best_metric": null,
  "best_model_checkpoint": null,
  "epoch": 1.0,
  "eval_steps": 500,
  "global_step": 160,
  "is_hyper_param_search": false,
  "is_local_process_zero": true,
  "is_world_process_zero": true,
  "log_history": [
    {
      "epoch": 1.0,
      "grad_norm": 12.334663391113281,
      "learning_rate": 1.6842105263157896e-05,
      "loss": 0.5416,
      "step": 160
    },
    {
      "epoch": 1.0,
      "eval_loss": 0.3729757070541382,
      "eval_performance": {
        "accuracy": 0.8441860465116279,
        "macro": {
          "f1": 0.819983879153357,
          "precision": 0.8148137025793347,
          "recall": 0.8261862668835303
        },
        "pos_label=0": {
          "f1": 0.8859897901304594,
          "precision": 0.8997695852534562,
          "recall": 0.8726256983240224
        },
        "pos_label=1": {
          "f1": 0.7539779681762546,
          "precision": 0.7298578199052133,
          "recall": 0.779746835443038
        }
      },
      "eval_runtime": 2.2876,
      "eval_samples_per_second": 563.914,
      "eval_statistics": {
        "total_samples": 1290,
        "y_pred_distribution": {
          "average": 0.3271317829457364,
          "count": {
            "-1": 0,
            "0": 868,
            "1": 422
          }
        },
        "y_true_distribution": {
          "average": 0.3062015503875969,
          "count": {
            "-1": 0,
            "0": 895,
            "1": 395
          }
        }
      },
      "eval_steps_per_second": 35.409,
      "step": 160
    }
  ],
  "logging_steps": 500,
  "max_steps": 480,
  "num_input_tokens_seen": 0,
  "num_train_epochs": 3,
  "save_steps": 500,
  "total_flos": 254220779466000.0,
  "train_batch_size": 32,
  "trial_name": null,
  "trial_params": null
}
