{
  "best_metric": null,
  "best_model_checkpoint": null,
  "epoch": 1.0,
  "eval_steps": 500,
  "global_step": 160,
  "is_hyper_param_search": false,
  "is_local_process_zero": true,
  "is_world_process_zero": true,
  "log_history": [
    {
      "epoch": 1.0,
      "grad_norm": 6.0826334953308105,
      "learning_rate": 1.6842105263157896e-05,
      "loss": 0.506,
      "step": 160
    },
    {
      "epoch": 1.0,
      "eval_loss": 0.3816271126270294,
      "eval_performance": {
        "accuracy": 0.8372093023255814,
        "macro": {
          "f1": 0.7980582582170683,
          "precision": 0.8192670077262378,
          "recall": 0.7843858284421187
        },
        "pos_label=0": {
          "f1": 0.8869752421959096,
          "precision": 0.8556593977154725,
          "recall": 0.9206703910614525
        },
        "pos_label=1": {
          "f1": 0.7091412742382271,
          "precision": 0.7828746177370031,
          "recall": 0.6481012658227848
        }
      },
      "eval_runtime": 2.2157,
      "eval_samples_per_second": 582.196,
      "eval_statistics": {
        "total_samples": 1290,
        "y_pred_distribution": {
          "average": 0.2534883720930233,
          "count": {
            "-1": 0,
            "0": 963,
            "1": 327
          }
        },
        "y_true_distribution": {
          "average": 0.3062015503875969,
          "count": {
            "-1": 0,
            "0": 895,
            "1": 395
          }
        }
      },
      "eval_steps_per_second": 36.557,
      "step": 160
    }
  ],
  "logging_steps": 500,
  "max_steps": 480,
  "num_input_tokens_seen": 0,
  "num_train_epochs": 3,
  "save_steps": 500,
  "total_flos": 298774936692000.0,
  "train_batch_size": 32,
  "trial_name": null,
  "trial_params": null
}
