{
    "eval_loss": 0.41922417283058167,
    "eval_statistics": {
        "total_samples": 1290,
        "y_true_distribution": {
            "count": {
                "0": 895,
                "1": 395,
                "-1": 0
            },
            "average": 0.3062015503875969
        },
        "y_pred_distribution": {
            "count": {
                "0": 915,
                "1": 375,
                "-1": 0
            },
            "average": 0.29069767441860467
        }
    },
    "eval_performance": {
        "accuracy": 0.8480620155038759,
        "pos_label=0": {
            "precision": 0.8819672131147541,
            "recall": 0.9016759776536313,
            "f1": 0.8917127071823204
        },
        "pos_label=1": {
            "precision": 0.7653333333333333,
            "recall": 0.7265822784810126,
            "f1": 0.7454545454545455
        },
        "macro": {
            "precision": 0.8236502732240437,
            "recall": 0.814129128067322,
            "f1": 0.818583626318433
        }
    },
    "eval_runtime": 2.8776,
    "eval_samples_per_second": 448.298,
    "eval_steps_per_second": 14.248,
    "epoch": 3.0
}