{
    "eval_loss": 0.37532687187194824,
    "eval_statistics": {
        "total_samples": 1290,
        "y_true_distribution": {
            "count": {
                "0": 895,
                "1": 395,
                "-1": 0
            },
            "average": 0.3062015503875969
        },
        "y_pred_distribution": {
            "count": {
                "0": 910,
                "1": 380,
                "-1": 0
            },
            "average": 0.29457364341085274
        }
    },
    "eval_performance": {
        "accuracy": 0.8565891472868217,
        "pos_label=0": {
            "precision": 0.8901098901098901,
            "recall": 0.9050279329608939,
            "f1": 0.8975069252077562
        },
        "pos_label=1": {
            "precision": 0.7763157894736842,
            "recall": 0.7468354430379747,
            "f1": 0.7612903225806451
        },
        "macro": {
            "precision": 0.8332128397917871,
            "recall": 0.8259316879994343,
            "f1": 0.8293986238942006
        }
    },
    "eval_runtime": 2.0926,
    "eval_samples_per_second": 616.453,
    "eval_steps_per_second": 38.708,
    "epoch": 3.0
}