{
    "eval_loss": 0.43177422881126404,
    "eval_statistics": {
        "total_samples": 1290,
        "y_true_distribution": {
            "count": {
                "0": 895,
                "1": 395,
                "-1": 0
            },
            "average": 0.3062015503875969
        },
        "y_pred_distribution": {
            "count": {
                "0": 831,
                "1": 459,
                "-1": 0
            },
            "average": 0.3558139534883721
        }
    },
    "eval_performance": {
        "accuracy": 0.8496124031007752,
        "pos_label=0": {
            "precision": 0.9217809867629362,
            "recall": 0.8558659217877095,
            "f1": 0.8876013904982619
        },
        "pos_label=1": {
            "precision": 0.7189542483660131,
            "recall": 0.8354430379746836,
            "f1": 0.7728337236533958
        },
        "macro": {
            "precision": 0.8203676175644746,
            "recall": 0.8456544798811965,
            "f1": 0.8302175570758288
        }
    },
    "eval_runtime": 2.1068,
    "eval_samples_per_second": 612.294,
    "eval_steps_per_second": 38.446,
    "epoch": 3.0
}