{
    "eval_loss": 0.646356463432312,
    "eval_statistics": {
        "total_samples": 1290,
        "y_true_distribution": {
            "count": {
                "0": 895,
                "1": 395,
                "-1": 0
            },
            "average": 0.3062015503875969
        },
        "y_pred_distribution": {
            "count": {
                "0": 854,
                "1": 436,
                "-1": 0
            },
            "average": 0.33798449612403103
        }
    },
    "eval_performance": {
        "accuracy": 0.8441860465116279,
        "pos_label=0": {
            "precision": 0.9063231850117096,
            "recall": 0.864804469273743,
            "f1": 0.8850771869639794
        },
        "pos_label=1": {
            "precision": 0.7224770642201835,
            "recall": 0.7974683544303798,
            "f1": 0.7581227436823105
        },
        "macro": {
            "precision": 0.8144001246159466,
            "recall": 0.8311364118520614,
            "f1": 0.8215999653231449
        }
    },
    "eval_runtime": 2.1279,
    "eval_samples_per_second": 606.22,
    "eval_steps_per_second": 38.065,
    "epoch": 3.0
}