{
    "eval_loss": 0.47729966044425964,
    "eval_statistics": {
        "total_samples": 1290,
        "y_true_distribution": {
            "count": {
                "0": 895,
                "1": 395,
                "-1": 0
            },
            "average": 0.3062015503875969
        },
        "y_pred_distribution": {
            "count": {
                "0": 925,
                "1": 365,
                "-1": 0
            },
            "average": 0.28294573643410853
        }
    },
    "eval_performance": {
        "accuracy": 0.8465116279069768,
        "pos_label=0": {
            "precision": 0.8767567567567568,
            "recall": 0.906145251396648,
            "f1": 0.8912087912087913
        },
        "pos_label=1": {
            "precision": 0.7698630136986301,
            "recall": 0.7113924050632912,
            "f1": 0.7394736842105263
        },
        "macro": {
            "precision": 0.8233098852276934,
            "recall": 0.8087688282299696,
            "f1": 0.8153412377096587
        }
    },
    "eval_runtime": 9.8397,
    "eval_samples_per_second": 131.101,
    "eval_steps_per_second": 16.464,
    "epoch": 3.0
}