{
    "eval_loss": 0.44578418135643005,
    "eval_statistics": {
        "total_samples": 1290,
        "y_true_distribution": {
            "count": {
                "0": 895,
                "1": 395,
                "-1": 0
            },
            "average": 0.3062015503875969
        },
        "y_pred_distribution": {
            "count": {
                "0": 895,
                "1": 395,
                "-1": 0
            },
            "average": 0.3062015503875969
        }
    },
    "eval_performance": {
        "accuracy": 0.8449612403100775,
        "pos_label=0": {
            "precision": 0.888268156424581,
            "recall": 0.888268156424581,
            "f1": 0.888268156424581
        },
        "pos_label=1": {
            "precision": 0.7468354430379747,
            "recall": 0.7468354430379747,
            "f1": 0.7468354430379747
        },
        "macro": {
            "precision": 0.8175517997312778,
            "recall": 0.8175517997312778,
            "f1": 0.8175517997312778
        }
    },
    "eval_runtime": 1.4544,
    "eval_samples_per_second": 886.94,
    "eval_steps_per_second": 111.383,
    "epoch": 3.0
}