{
  "best_metric": null,
  "best_model_checkpoint": null,
  "epoch": 1.0,
  "eval_steps": 500,
  "global_step": 160,
  "is_hyper_param_search": false,
  "is_local_process_zero": true,
  "is_world_process_zero": true,
  "log_history": [
    {
      "epoch": 1.0,
      "grad_norm": 20.554414749145508,
      "learning_rate": 1.6842105263157896e-05,
      "loss": 0.5158,
      "step": 160
    },
    {
      "epoch": 1.0,
      "eval_loss": 0.4303652346134186,
      "eval_performance": {
        "accuracy": 0.8286821705426357,
        "macro": {
          "f1": 0.7795500994031174,
          "precision": 0.8199265873568662,
          "recall": 0.7598543243052118
        },
        "pos_label=0": {
          "f1": 0.8836229594523434,
          "precision": 0.8356573705179283,
          "recall": 0.9374301675977653
        },
        "pos_label=1": {
          "f1": 0.6754772393538914,
          "precision": 0.8041958041958042,
          "recall": 0.5822784810126582
        }
      },
      "eval_runtime": 4.396,
      "eval_samples_per_second": 293.447,
      "eval_statistics": {
        "total_samples": 1290,
        "y_pred_distribution": {
          "average": 0.22170542635658916,
          "count": {
            "-1": 0,
            "0": 1004,
            "1": 286
          }
        },
        "y_true_distribution": {
          "average": 0.3062015503875969,
          "count": {
            "-1": 0,
            "0": 895,
            "1": 395
          }
        }
      },
      "eval_steps_per_second": 18.426,
      "step": 160
    }
  ],
  "logging_steps": 500,
  "max_steps": 480,
  "num_input_tokens_seen": 0,
  "num_train_epochs": 3,
  "save_steps": 500,
  "total_flos": 1021120107084000.0,
  "train_batch_size": 32,
  "trial_name": null,
  "trial_params": null
}
