{
  "best_metric": null,
  "best_model_checkpoint": null,
  "epoch": 2.0,
  "eval_steps": 500,
  "global_step": 638,
  "is_hyper_param_search": false,
  "is_local_process_zero": true,
  "is_world_process_zero": true,
  "log_history": [
    {
      "epoch": 1.0,
      "grad_norm": 7.582620620727539,
      "learning_rate": 1.4889148191365228e-05,
      "loss": 0.4414,
      "step": 319
    },
    {
      "epoch": 1.0,
      "eval_loss": 0.3763235807418823,
      "eval_performance": {
        "accuracy": 0.8496124031007752,
        "macro": {
          "f1": 0.8167914119052639,
          "precision": 0.8302208526562913,
          "recall": 0.8067604836998798
        },
        "pos_label=0": {
          "f1": 0.8943355119825708,
          "precision": 0.8724760892667375,
          "recall": 0.9173184357541899
        },
        "pos_label=1": {
          "f1": 0.739247311827957,
          "precision": 0.7879656160458453,
          "recall": 0.6962025316455697
        }
      },
      "eval_runtime": 4.5731,
      "eval_samples_per_second": 282.084,
      "eval_statistics": {
        "total_samples": 1290,
        "y_pred_distribution": {
          "average": 0.27054263565891473,
          "count": {
            "-1": 0,
            "0": 941,
            "1": 349
          }
        },
        "y_true_distribution": {
          "average": 0.3062015503875969,
          "count": {
            "-1": 0,
            "0": 895,
            "1": 395
          }
        }
      },
      "eval_steps_per_second": 35.425,
      "step": 319
    },
    {
      "epoch": 2.0,
      "grad_norm": 3.6744608879089355,
      "learning_rate": 7.444574095682614e-06,
      "loss": 0.3104,
      "step": 638
    },
    {
      "epoch": 2.0,
      "eval_loss": 0.36956608295440674,
      "eval_performance": {
        "accuracy": 0.858139534883721,
        "macro": {
          "f1": 0.8307425260209975,
          "precision": 0.835705805670655,
          "recall": 0.8263418428682554
        },
        "pos_label=0": {
          "f1": 0.8988391376451078,
          "precision": 0.8894967177242888,
          "recall": 0.9083798882681564
        },
        "pos_label=1": {
          "f1": 0.7626459143968871,
          "precision": 0.7819148936170213,
          "recall": 0.7443037974683544
        }
      },
      "eval_runtime": 4.5719,
      "eval_samples_per_second": 282.156,
      "eval_statistics": {
        "total_samples": 1290,
        "y_pred_distribution": {
          "average": 0.29147286821705426,
          "count": {
            "-1": 0,
            "0": 914,
            "1": 376
          }
        },
        "y_true_distribution": {
          "average": 0.3062015503875969,
          "count": {
            "-1": 0,
            "0": 895,
            "1": 395
          }
        }
      },
      "eval_steps_per_second": 35.434,
      "step": 638
    }
  ],
  "logging_steps": 500,
  "max_steps": 957,
  "num_input_tokens_seen": 0,
  "num_train_epochs": 3,
  "save_steps": 500,
  "total_flos": 1875147833008800.0,
  "train_batch_size": 16,
  "trial_name": null,
  "trial_params": null
}
