{
  "best_metric": null,
  "best_model_checkpoint": null,
  "epoch": 1.0,
  "eval_steps": 500,
  "global_step": 74,
  "is_hyper_param_search": false,
  "is_local_process_zero": true,
  "is_world_process_zero": true,
  "log_history": [
    {
      "epoch": 1.0,
      "grad_norm": 53.50275802612305,
      "learning_rate": 1.48e-05,
      "loss": 0.5797,
      "step": 74
    },
    {
      "epoch": 1.0,
      "eval_loss": 0.4196949601173401,
      "eval_performance": {
        "accuracy": 0.8503875968992248,
        "macro": {
          "f1": 0.8264605038549231,
          "precision": 0.8221951461010386,
          "recall": 0.8313627041934799
        },
        "pos_label=0": {
          "f1": 0.8908988128886377,
          "precision": 0.9016018306636155,
          "recall": 0.8804469273743016
        },
        "pos_label=1": {
          "f1": 0.7620221948212084,
          "precision": 0.7427884615384616,
          "recall": 0.7822784810126582
        }
      },
      "eval_runtime": 8.3758,
      "eval_samples_per_second": 154.016,
      "eval_statistics": {
        "total_samples": 1290,
        "y_pred_distribution": {
          "average": 0.32248062015503876,
          "count": {
            "-1": 0,
            "0": 874,
            "1": 416
          }
        },
        "y_true_distribution": {
          "average": 0.3062015503875969,
          "count": {
            "-1": 0,
            "0": 895,
            "1": 395
          }
        }
      },
      "eval_steps_per_second": 2.507,
      "step": 74
    }
  ],
  "logging_steps": 500,
  "max_steps": 222,
  "num_input_tokens_seen": 0,
  "num_train_epochs": 3,
  "save_steps": 500,
  "total_flos": 1653988871349024.0,
  "train_batch_size": 128,
  "trial_name": null,
  "trial_params": null
}
