{
    "eval_loss": 0.5756438374519348,
    "eval_statistics": {
        "total_samples": 1290,
        "y_true_distribution": {
            "count": {
                "0": 895,
                "1": 395,
                "-1": 0
            },
            "average": 0.3062015503875969
        },
        "y_pred_distribution": {
            "count": {
                "0": 857,
                "1": 433,
                "-1": 0
            },
            "average": 0.33565891472868215
        }
    },
    "eval_performance": {
        "accuracy": 0.8480620155038759,
        "pos_label=0": {
            "precision": 0.9078179696616102,
            "recall": 0.8692737430167597,
            "f1": 0.8881278538812786
        },
        "pos_label=1": {
            "precision": 0.7297921478060047,
            "recall": 0.8,
            "f1": 0.7632850241545893
        },
        "macro": {
            "precision": 0.8188050587338074,
            "recall": 0.8346368715083798,
            "f1": 0.825706439017934
        }
    },
    "eval_runtime": 3.6115,
    "eval_samples_per_second": 357.195,
    "eval_steps_per_second": 44.857,
    "epoch": 3.0
}