{
    "eval_loss": 0.39051398634910583,
    "eval_statistics": {
        "total_samples": 1290,
        "y_true_distribution": {
            "count": {
                "0": 895,
                "1": 395,
                "-1": 0
            },
            "average": 0.3062015503875969
        },
        "y_pred_distribution": {
            "count": {
                "0": 906,
                "1": 384,
                "-1": 0
            },
            "average": 0.29767441860465116
        }
    },
    "eval_performance": {
        "accuracy": 0.8612403100775193,
        "pos_label=0": {
            "precision": 0.8951434878587197,
            "recall": 0.906145251396648,
            "f1": 0.9006107717934481
        },
        "pos_label=1": {
            "precision": 0.78125,
            "recall": 0.759493670886076,
            "f1": 0.7702182284980744
        },
        "macro": {
            "precision": 0.8381967439293598,
            "recall": 0.832819461141362,
            "f1": 0.8354145001457612
        }
    },
    "eval_runtime": 1.4891,
    "eval_samples_per_second": 866.303,
    "eval_steps_per_second": 108.792,
    "epoch": 3.0
}