{
    "eval_loss": 0.3760664463043213,
    "eval_statistics": {
        "total_samples": 1290,
        "y_true_distribution": {
            "count": {
                "0": 895,
                "1": 395,
                "-1": 0
            },
            "average": 0.3062015503875969
        },
        "y_pred_distribution": {
            "count": {
                "0": 915,
                "1": 375,
                "-1": 0
            },
            "average": 0.29069767441860467
        }
    },
    "eval_performance": {
        "accuracy": 0.8573643410852713,
        "pos_label=0": {
            "precision": 0.8885245901639345,
            "recall": 0.9083798882681564,
            "f1": 0.8983425414364641
        },
        "pos_label=1": {
            "precision": 0.7813333333333333,
            "recall": 0.7417721518987341,
            "f1": 0.7610389610389611
        },
        "macro": {
            "precision": 0.834928961748634,
            "recall": 0.8250760200834453,
            "f1": 0.8296907512377125
        }
    },
    "eval_runtime": 4.5143,
    "eval_samples_per_second": 285.758,
    "eval_steps_per_second": 17.943,
    "epoch": 3.0
}