{
  "best_metric": null,
  "best_model_checkpoint": null,
  "epoch": 1.0,
  "eval_steps": 500,
  "global_step": 227,
  "is_hyper_param_search": false,
  "is_local_process_zero": true,
  "is_world_process_zero": true,
  "log_history": [
    {
      "epoch": 1.0,
      "grad_norm": 3.6304993629455566,
      "learning_rate": 1.5628227194492257e-05,
      "loss": 0.5063,
      "step": 227
    },
    {
      "epoch": 1.0,
      "eval_loss": 0.3796692490577698,
      "eval_performance": {
        "accuracy": 0.8286821705426357,
        "macro": {
          "f1": 0.8071551924152716,
          "precision": 0.7977451573849879,
          "recall": 0.8227918817622516
        },
        "pos_label=0": {
          "f1": 0.8715862870424173,
          "precision": 0.9079903147699758,
          "recall": 0.8379888268156425
        },
        "pos_label=1": {
          "f1": 0.7427240977881258,
          "precision": 0.6875,
          "recall": 0.8075949367088607
        }
      },
      "eval_runtime": 2.1416,
      "eval_samples_per_second": 602.343,
      "eval_statistics": {
        "total_samples": 1290,
        "y_pred_distribution": {
          "average": 0.35968992248062015,
          "count": {
            "-1": 0,
            "0": 826,
            "1": 464
          }
        },
        "y_true_distribution": {
          "average": 0.3062015503875969,
          "count": {
            "-1": 0,
            "0": 895,
            "1": 395
          }
        }
      },
      "eval_steps_per_second": 37.822,
      "step": 227
    }
  ],
  "logging_steps": 500,
  "max_steps": 681,
  "num_input_tokens_seen": 0,
  "num_train_epochs": 3,
  "save_steps": 500,
  "total_flos": 375464614886520.0,
  "train_batch_size": 32,
  "trial_name": null,
  "trial_params": null
}
