{
  "best_metric": null,
  "best_model_checkpoint": null,
  "epoch": 1.0,
  "eval_steps": 500,
  "global_step": 74,
  "is_hyper_param_search": false,
  "is_local_process_zero": true,
  "is_world_process_zero": true,
  "log_history": [
    {
      "epoch": 1.0,
      "grad_norm": 6.325715065002441,
      "learning_rate": 1.48e-05,
      "loss": 0.579,
      "step": 74
    },
    {
      "epoch": 1.0,
      "eval_loss": 0.45242422819137573,
      "eval_performance": {
        "accuracy": 0.8007751937984496,
        "macro": {
          "f1": 0.7803929517484505,
          "precision": 0.771136267114284,
          "recall": 0.8033873134856092
        },
        "pos_label=0": {
          "f1": 0.8472964943553178,
          "precision": 0.9048223350253807,
          "recall": 0.7966480446927374
        },
        "pos_label=1": {
          "f1": 0.7134894091415831,
          "precision": 0.6374501992031872,
          "recall": 0.810126582278481
        }
      },
      "eval_runtime": 5.6937,
      "eval_samples_per_second": 226.567,
      "eval_statistics": {
        "total_samples": 1290,
        "y_pred_distribution": {
          "average": 0.3891472868217054,
          "count": {
            "-1": 0,
            "0": 788,
            "1": 502
          }
        },
        "y_true_distribution": {
          "average": 0.3062015503875969,
          "count": {
            "-1": 0,
            "0": 895,
            "1": 395
          }
        }
      },
      "eval_steps_per_second": 3.688,
      "step": 74
    }
  ],
  "logging_steps": 500,
  "max_steps": 222,
  "num_input_tokens_seen": 0,
  "num_train_epochs": 3,
  "save_steps": 500,
  "total_flos": 486225119195040.0,
  "train_batch_size": 128,
  "trial_name": null,
  "trial_params": null
}
