{
  "best_metric": null,
  "best_model_checkpoint": null,
  "epoch": 2.0,
  "eval_steps": 500,
  "global_step": 638,
  "is_hyper_param_search": false,
  "is_local_process_zero": true,
  "is_world_process_zero": true,
  "log_history": [
    {
      "epoch": 1.0,
      "grad_norm": 7.979991912841797,
      "learning_rate": 1.4889148191365228e-05,
      "loss": 0.4588,
      "step": 319
    },
    {
      "epoch": 1.0,
      "eval_loss": 0.37619367241859436,
      "eval_performance": {
        "accuracy": 0.8612403100775193,
        "macro": {
          "f1": 0.8356534680313932,
          "precision": 0.8379052226145169,
          "recall": 0.8335266247082951
        },
        "pos_label=0": {
          "f1": 0.9005002779321846,
          "precision": 0.8960176991150443,
          "recall": 0.9050279329608939
        },
        "pos_label=1": {
          "f1": 0.7708066581306018,
          "precision": 0.7797927461139896,
          "recall": 0.7620253164556962
        }
      },
      "eval_runtime": 4.9192,
      "eval_samples_per_second": 262.236,
      "eval_statistics": {
        "total_samples": 1290,
        "y_pred_distribution": {
          "average": 0.2992248062015504,
          "count": {
            "-1": 0,
            "0": 904,
            "1": 386
          }
        },
        "y_true_distribution": {
          "average": 0.3062015503875969,
          "count": {
            "-1": 0,
            "0": 895,
            "1": 395
          }
        }
      },
      "eval_steps_per_second": 32.932,
      "step": 319
    },
    {
      "epoch": 2.0,
      "grad_norm": 22.46861457824707,
      "learning_rate": 7.444574095682614e-06,
      "loss": 0.3129,
      "step": 638
    },
    {
      "epoch": 2.0,
      "eval_loss": 0.35301679372787476,
      "eval_performance": {
        "accuracy": 0.8643410852713178,
        "macro": {
          "f1": 0.8426455345834795,
          "precision": 0.8381611952121105,
          "recall": 0.8477830422176649
        },
        "pos_label=0": {
          "f1": 0.9010740531373658,
          "precision": 0.9118993135011442,
          "recall": 0.8905027932960894
        },
        "pos_label=1": {
          "f1": 0.7842170160295932,
          "precision": 0.7644230769230769,
          "recall": 0.8050632911392405
        }
      },
      "eval_runtime": 4.9143,
      "eval_samples_per_second": 262.5,
      "eval_statistics": {
        "total_samples": 1290,
        "y_pred_distribution": {
          "average": 0.32248062015503876,
          "count": {
            "-1": 0,
            "0": 874,
            "1": 416
          }
        },
        "y_true_distribution": {
          "average": 0.3062015503875969,
          "count": {
            "-1": 0,
            "0": 895,
            "1": 395
          }
        }
      },
      "eval_steps_per_second": 32.965,
      "step": 638
    }
  ],
  "logging_steps": 500,
  "max_steps": 957,
  "num_input_tokens_seen": 0,
  "num_train_epochs": 3,
  "save_steps": 500,
  "total_flos": 2042240214168000.0,
  "train_batch_size": 16,
  "trial_name": null,
  "trial_params": null
}
