{
    "eval_loss": 0.5628147721290588,
    "eval_statistics": {
        "total_samples": 1290,
        "y_true_distribution": {
            "count": {
                "0": 895,
                "1": 395,
                "-1": 0
            },
            "average": 0.3062015503875969
        },
        "y_pred_distribution": {
            "count": {
                "0": 833,
                "1": 457,
                "-1": 0
            },
            "average": 0.35426356589147284
        }
    },
    "eval_performance": {
        "accuracy": 0.8248062015503876,
        "pos_label=0": {
            "precision": 0.9015606242496998,
            "recall": 0.8391061452513966,
            "f1": 0.8692129629629629
        },
        "pos_label=1": {
            "precision": 0.6849015317286652,
            "recall": 0.7924050632911392,
            "f1": 0.7347417840375586
        },
        "macro": {
            "precision": 0.7932310779891825,
            "recall": 0.8157556042712679,
            "f1": 0.8019773735002608
        }
    },
    "eval_runtime": 3.5506,
    "eval_samples_per_second": 363.315,
    "eval_steps_per_second": 45.626,
    "epoch": 3.0
}