{
  "best_metric": null,
  "best_model_checkpoint": null,
  "epoch": 1.0,
  "eval_steps": 500,
  "global_step": 227,
  "is_hyper_param_search": false,
  "is_local_process_zero": true,
  "is_world_process_zero": true,
  "log_history": [
    {
      "epoch": 1.0,
      "grad_norm": 3.581622362136841,
      "learning_rate": 1.5628227194492257e-05,
      "loss": 0.513,
      "step": 227
    },
    {
      "epoch": 1.0,
      "eval_loss": 0.46255752444267273,
      "eval_performance": {
        "accuracy": 0.8232558139534883,
        "macro": {
          "f1": 0.8072249357023195,
          "precision": 0.797233391750033,
          "recall": 0.8372675199773707
        },
        "pos_label=0": {
          "f1": 0.8628158844765343,
          "precision": 0.9348109517601043,
          "recall": 0.8011173184357542
        },
        "pos_label=1": {
          "f1": 0.7516339869281046,
          "precision": 0.6596558317399618,
          "recall": 0.8734177215189873
        }
      },
      "eval_runtime": 2.5351,
      "eval_samples_per_second": 508.863,
      "eval_statistics": {
        "total_samples": 1290,
        "y_pred_distribution": {
          "average": 0.4054263565891473,
          "count": {
            "-1": 0,
            "0": 767,
            "1": 523
          }
        },
        "y_true_distribution": {
          "average": 0.3062015503875969,
          "count": {
            "-1": 0,
            "0": 895,
            "1": 395
          }
        }
      },
      "eval_steps_per_second": 31.952,
      "step": 227
    }
  ],
  "logging_steps": 500,
  "max_steps": 681,
  "num_input_tokens_seen": 0,
  "num_train_epochs": 3,
  "save_steps": 500,
  "total_flos": 360594729148440.0,
  "train_batch_size": 32,
  "trial_name": null,
  "trial_params": null
}
