{
    "eval_loss": 0.38824358582496643,
    "eval_statistics": {
        "total_samples": 1290,
        "y_true_distribution": {
            "count": {
                "0": 895,
                "1": 395,
                "-1": 0
            },
            "average": 0.3062015503875969
        },
        "y_pred_distribution": {
            "count": {
                "0": 877,
                "1": 413,
                "-1": 0
            },
            "average": 0.3201550387596899
        }
    },
    "eval_performance": {
        "accuracy": 0.8480620155038759,
        "pos_label=0": {
            "precision": 0.8985176738882554,
            "recall": 0.8804469273743016,
            "f1": 0.8893905191873589
        },
        "pos_label=1": {
            "precision": 0.7409200968523002,
            "recall": 0.7746835443037975,
            "f1": 0.7574257425742574
        },
        "macro": {
            "precision": 0.8197188853702778,
            "recall": 0.8275652358390495,
            "f1": 0.8234081308808081
        }
    },
    "eval_runtime": 2.0997,
    "eval_samples_per_second": 614.382,
    "eval_steps_per_second": 38.578,
    "epoch": 3.0
}