{
  "best_metric": null,
  "best_model_checkpoint": null,
  "epoch": 1.0,
  "eval_steps": 500,
  "global_step": 319,
  "is_hyper_param_search": false,
  "is_local_process_zero": true,
  "is_world_process_zero": true,
  "log_history": [
    {
      "epoch": 1.0,
      "grad_norm": 3.731457471847534,
      "learning_rate": 1.4889148191365228e-05,
      "loss": 0.5177,
      "step": 319
    },
    {
      "epoch": 1.0,
      "eval_loss": 0.39317017793655396,
      "eval_performance": {
        "accuracy": 0.827906976744186,
        "macro": {
          "f1": 0.7896739130434782,
          "precision": 0.8034046468829077,
          "recall": 0.7798034085283927
        },
        "pos_label=0": {
          "f1": 0.8793478260869565,
          "precision": 0.8560846560846561,
          "recall": 0.9039106145251397
        },
        "pos_label=1": {
          "f1": 0.7,
          "precision": 0.7507246376811594,
          "recall": 0.6556962025316456
        }
      },
      "eval_runtime": 1.4331,
      "eval_samples_per_second": 900.125,
      "eval_statistics": {
        "total_samples": 1290,
        "y_pred_distribution": {
          "average": 0.26744186046511625,
          "count": {
            "-1": 0,
            "0": 945,
            "1": 345
          }
        },
        "y_true_distribution": {
          "average": 0.3062015503875969,
          "count": {
            "-1": 0,
            "0": 895,
            "1": 395
          }
        }
      },
      "eval_steps_per_second": 113.039,
      "step": 319
    }
  ],
  "logging_steps": 500,
  "max_steps": 957,
  "num_input_tokens_seen": 0,
  "num_train_epochs": 3,
  "save_steps": 500,
  "total_flos": 254220779466000.0,
  "train_batch_size": 16,
  "trial_name": null,
  "trial_params": null
}
