{
    "eval_loss": 0.508783221244812,
    "eval_statistics": {
        "total_samples": 1290,
        "y_true_distribution": {
            "count": {
                "0": 895,
                "1": 395,
                "-1": 0
            },
            "average": 0.3062015503875969
        },
        "y_pred_distribution": {
            "count": {
                "0": 918,
                "1": 372,
                "-1": 0
            },
            "average": 0.28837209302325584
        }
    },
    "eval_performance": {
        "accuracy": 0.8441860465116279,
        "pos_label=0": {
            "precision": 0.8779956427015251,
            "recall": 0.9005586592178771,
            "f1": 0.8891340319911748
        },
        "pos_label=1": {
            "precision": 0.760752688172043,
            "recall": 0.7164556962025317,
            "f1": 0.7379400260756193
        },
        "macro": {
            "precision": 0.8193741654367841,
            "recall": 0.8085071777102044,
            "f1": 0.813537029033397
        }
    },
    "eval_runtime": 30.9242,
    "eval_samples_per_second": 41.715,
    "eval_steps_per_second": 5.239,
    "epoch": 3.0
}