{
  "best_metric": null,
  "best_model_checkpoint": null,
  "epoch": 1.0,
  "eval_steps": 500,
  "global_step": 160,
  "is_hyper_param_search": false,
  "is_local_process_zero": true,
  "is_world_process_zero": true,
  "log_history": [
    {
      "epoch": 1.0,
      "grad_norm": 19.57326316833496,
      "learning_rate": 1.6842105263157896e-05,
      "loss": 0.5778,
      "step": 160
    },
    {
      "epoch": 1.0,
      "eval_loss": 0.3706831932067871,
      "eval_performance": {
        "accuracy": 0.8449612403100775,
        "macro": {
          "f1": 0.8200460347353002,
          "precision": 0.8160413080895008,
          "recall": 0.8246234354006081
        },
        "pos_label=0": {
          "f1": 0.8870056497175142,
          "precision": 0.8971428571428571,
          "recall": 0.8770949720670391
        },
        "pos_label=1": {
          "f1": 0.7530864197530864,
          "precision": 0.7349397590361446,
          "recall": 0.7721518987341772
        }
      },
      "eval_runtime": 4.4218,
      "eval_samples_per_second": 291.738,
      "eval_statistics": {
        "total_samples": 1290,
        "y_pred_distribution": {
          "average": 0.32170542635658916,
          "count": {
            "-1": 0,
            "0": 875,
            "1": 415
          }
        },
        "y_true_distribution": {
          "average": 0.3062015503875969,
          "count": {
            "-1": 0,
            "0": 895,
            "1": 395
          }
        }
      },
      "eval_steps_per_second": 18.318,
      "step": 160
    }
  ],
  "logging_steps": 500,
  "max_steps": 480,
  "num_input_tokens_seen": 0,
  "num_train_epochs": 3,
  "save_steps": 500,
  "total_flos": 993271376890800.0,
  "train_batch_size": 32,
  "trial_name": null,
  "trial_params": null
}
