{
    "eval_loss": 0.39404717087745667,
    "eval_statistics": {
        "total_samples": 1290,
        "y_true_distribution": {
            "count": {
                "0": 895,
                "1": 395,
                "-1": 0
            },
            "average": 0.3062015503875969
        },
        "y_pred_distribution": {
            "count": {
                "0": 924,
                "1": 366,
                "-1": 0
            },
            "average": 0.2837209302325581
        }
    },
    "eval_performance": {
        "accuracy": 0.8550387596899225,
        "pos_label=0": {
            "precision": 0.8831168831168831,
            "recall": 0.911731843575419,
            "f1": 0.897196261682243
        },
        "pos_label=1": {
            "precision": 0.7841530054644809,
            "recall": 0.7265822784810126,
            "f1": 0.7542706964520368
        },
        "macro": {
            "precision": 0.833634944290682,
            "recall": 0.8191570610282158,
            "f1": 0.8257334790671399
        }
    },
    "eval_runtime": 4.9619,
    "eval_samples_per_second": 259.983,
    "eval_steps_per_second": 32.649,
    "epoch": 3.0
}