{
  "best_metric": null,
  "best_model_checkpoint": null,
  "epoch": 1.0,
  "eval_steps": 500,
  "global_step": 319,
  "is_hyper_param_search": false,
  "is_local_process_zero": true,
  "is_world_process_zero": true,
  "log_history": [
    {
      "epoch": 1.0,
      "grad_norm": 12.521224021911621,
      "learning_rate": 1.4889148191365228e-05,
      "loss": 0.4979,
      "step": 319
    },
    {
      "epoch": 1.0,
      "eval_loss": 0.3731022775173187,
      "eval_performance": {
        "accuracy": 0.858139534883721,
        "macro": {
          "f1": 0.8345610264266456,
          "precision": 0.8317160197412299,
          "recall": 0.8376564599391839
        },
        "pos_label=0": {
          "f1": 0.8970174451322454,
          "precision": 0.9036281179138322,
          "recall": 0.8905027932960894
        },
        "pos_label=1": {
          "f1": 0.772104607721046,
          "precision": 0.7598039215686274,
          "recall": 0.7848101265822784
        }
      },
      "eval_runtime": 1.2751,
      "eval_samples_per_second": 1011.689,
      "eval_statistics": {
        "total_samples": 1290,
        "y_pred_distribution": {
          "average": 0.31627906976744186,
          "count": {
            "-1": 0,
            "0": 882,
            "1": 408
          }
        },
        "y_true_distribution": {
          "average": 0.3062015503875969,
          "count": {
            "-1": 0,
            "0": 895,
            "1": 395
          }
        }
      },
      "eval_steps_per_second": 127.049,
      "step": 319
    }
  ],
  "logging_steps": 500,
  "max_steps": 957,
  "num_input_tokens_seen": 0,
  "num_train_epochs": 3,
  "save_steps": 500,
  "total_flos": 243737448354000.0,
  "train_batch_size": 16,
  "trial_name": null,
  "trial_params": null
}
