{
    "eval_loss": 0.7396554350852966,
    "eval_statistics": {
        "total_samples": 1290,
        "y_true_distribution": {
            "count": {
                "0": 895,
                "1": 395,
                "-1": 0
            },
            "average": 0.3062015503875969
        },
        "y_pred_distribution": {
            "count": {
                "0": 903,
                "1": 387,
                "-1": 0
            },
            "average": 0.3
        }
    },
    "eval_performance": {
        "accuracy": 0.8573643410852713,
        "pos_label=0": {
            "precision": 0.893687707641196,
            "recall": 0.9016759776536313,
            "f1": 0.8976640711902113
        },
        "pos_label=1": {
            "precision": 0.772609819121447,
            "recall": 0.7569620253164557,
            "f1": 0.7647058823529411
        },
        "macro": {
            "precision": 0.8331487633813215,
            "recall": 0.8293190014850436,
            "f1": 0.8311849767715762
        }
    },
    "eval_runtime": 9.8442,
    "eval_samples_per_second": 131.042,
    "eval_steps_per_second": 16.456,
    "epoch": 3.0
}