{
  "best_metric": null,
  "best_model_checkpoint": null,
  "epoch": 3.0,
  "eval_steps": 500,
  "global_step": 957,
  "is_hyper_param_search": false,
  "is_local_process_zero": true,
  "is_world_process_zero": true,
  "log_history": [
    {
      "epoch": 1.0,
      "grad_norm": 3.5409200191497803,
      "learning_rate": 7.444574095682614e-05,
      "loss": 0.4814,
      "step": 319
    },
    {
      "epoch": 1.0,
      "eval_loss": 0.4338584840297699,
      "eval_performance": {
        "accuracy": 0.8372093023255814,
        "macro": {
          "f1": 0.8035453216374269,
          "precision": 0.8124543413374522,
          "recall": 0.7964076090799802
        },
        "pos_label=0": {
          "f1": 0.8848684210526315,
          "precision": 0.868675995694295,
          "recall": 0.9016759776536313
        },
        "pos_label=1": {
          "f1": 0.7222222222222222,
          "precision": 0.7562326869806094,
          "recall": 0.6911392405063291
        }
      },
      "eval_runtime": 4.5323,
      "eval_samples_per_second": 284.624,
      "eval_statistics": {
        "total_samples": 1290,
        "y_pred_distribution": {
          "average": 0.27984496124031005,
          "count": {
            "-1": 0,
            "0": 929,
            "1": 361
          }
        },
        "y_true_distribution": {
          "average": 0.3062015503875969,
          "count": {
            "-1": 0,
            "0": 895,
            "1": 395
          }
        }
      },
      "eval_steps_per_second": 35.744,
      "step": 319
    },
    {
      "epoch": 2.0,
      "grad_norm": 5.199864387512207,
      "learning_rate": 3.722287047841307e-05,
      "loss": 0.3473,
      "step": 638
    },
    {
      "epoch": 2.0,
      "eval_loss": 0.40085867047309875,
      "eval_performance": {
        "accuracy": 0.8496124031007752,
        "macro": {
          "f1": 0.8185132971317182,
          "precision": 0.827840378806628,
          "recall": 0.8110034651014779
        },
        "pos_label=0": {
          "f1": 0.893640350877193,
          "precision": 0.8772874058127018,
          "recall": 0.9106145251396648
        },
        "pos_label=1": {
          "f1": 0.7433862433862434,
          "precision": 0.778393351800554,
          "recall": 0.7113924050632912
        }
      },
      "eval_runtime": 4.1793,
      "eval_samples_per_second": 308.663,
      "eval_statistics": {
        "total_samples": 1290,
        "y_pred_distribution": {
          "average": 0.27984496124031005,
          "count": {
            "-1": 0,
            "0": 929,
            "1": 361
          }
        },
        "y_true_distribution": {
          "average": 0.3062015503875969,
          "count": {
            "-1": 0,
            "0": 895,
            "1": 395
          }
        }
      },
      "eval_steps_per_second": 38.762,
      "step": 638
    },
    {
      "epoch": 3.0,
      "grad_norm": 6.3426971435546875,
      "learning_rate": 0.0,
      "loss": 0.2803,
      "step": 957
    },
    {
      "epoch": 3.0,
      "eval_loss": 0.4250682294368744,
      "eval_performance": {
        "accuracy": 0.8527131782945736,
        "macro": {
          "f1": 0.8238738272626931,
          "precision": 0.8296022991395768,
          "recall": 0.8188954105084506
        },
        "pos_label=0": {
          "f1": 0.8951434878587197,
          "precision": 0.8844056706652127,
          "recall": 0.906145251396648
        },
        "pos_label=1": {
          "f1": 0.7526041666666666,
          "precision": 0.774798927613941,
          "recall": 0.7316455696202532
        }
      },
      "eval_runtime": 4.2266,
      "eval_samples_per_second": 305.209,
      "eval_statistics": {
        "total_samples": 1290,
        "y_pred_distribution": {
          "average": 0.28914728682170543,
          "count": {
            "-1": 0,
            "0": 917,
            "1": 373
          }
        },
        "y_true_distribution": {
          "average": 0.3062015503875969,
          "count": {
            "-1": 0,
            "0": 895,
            "1": 395
          }
        }
      },
      "eval_steps_per_second": 38.329,
      "step": 957
    }
  ],
  "logging_steps": 500,
  "max_steps": 957,
  "num_input_tokens_seen": 0,
  "num_train_epochs": 3,
  "save_steps": 500,
  "total_flos": 1879928395794000.0,
  "train_batch_size": 16,
  "trial_name": null,
  "trial_params": null
}
