{
  "best_metric": null,
  "best_model_checkpoint": null,
  "epoch": 3.0,
  "eval_steps": 500,
  "global_step": 681,
  "is_hyper_param_search": false,
  "is_local_process_zero": true,
  "is_world_process_zero": true,
  "log_history": [
    {
      "epoch": 1.0,
      "grad_norm": 3.581622362136841,
      "learning_rate": 1.5628227194492257e-05,
      "loss": 0.513,
      "step": 227
    },
    {
      "epoch": 1.0,
      "eval_loss": 0.46255752444267273,
      "eval_performance": {
        "accuracy": 0.8232558139534883,
        "macro": {
          "f1": 0.8072249357023195,
          "precision": 0.797233391750033,
          "recall": 0.8372675199773707
        },
        "pos_label=0": {
          "f1": 0.8628158844765343,
          "precision": 0.9348109517601043,
          "recall": 0.8011173184357542
        },
        "pos_label=1": {
          "f1": 0.7516339869281046,
          "precision": 0.6596558317399618,
          "recall": 0.8734177215189873
        }
      },
      "eval_runtime": 2.5351,
      "eval_samples_per_second": 508.863,
      "eval_statistics": {
        "total_samples": 1290,
        "y_pred_distribution": {
          "average": 0.4054263565891473,
          "count": {
            "-1": 0,
            "0": 767,
            "1": 523
          }
        },
        "y_true_distribution": {
          "average": 0.3062015503875969,
          "count": {
            "-1": 0,
            "0": 895,
            "1": 395
          }
        }
      },
      "eval_steps_per_second": 31.952,
      "step": 227
    },
    {
      "epoch": 2.0,
      "grad_norm": 66.71980285644531,
      "learning_rate": 7.814113597246129e-06,
      "loss": 0.3209,
      "step": 454
    },
    {
      "epoch": 2.0,
      "eval_loss": 0.40520474314689636,
      "eval_performance": {
        "accuracy": 0.8496124031007752,
        "macro": {
          "f1": 0.8306165379336111,
          "precision": 0.8204418374462328,
          "recall": 0.8470688070150626
        },
        "pos_label=0": {
          "f1": 0.8873403019744484,
          "precision": 0.9238210399032648,
          "recall": 0.8536312849162011
        },
        "pos_label=1": {
          "f1": 0.7738927738927739,
          "precision": 0.7170626349892009,
          "recall": 0.8405063291139241
        }
      },
      "eval_runtime": 2.0662,
      "eval_samples_per_second": 624.322,
      "eval_statistics": {
        "total_samples": 1290,
        "y_pred_distribution": {
          "average": 0.35891472868217056,
          "count": {
            "-1": 0,
            "0": 827,
            "1": 463
          }
        },
        "y_true_distribution": {
          "average": 0.3062015503875969,
          "count": {
            "-1": 0,
            "0": 895,
            "1": 395
          }
        }
      },
      "eval_steps_per_second": 39.202,
      "step": 454
    },
    {
      "epoch": 3.0,
      "grad_norm": 1.4335052967071533,
      "learning_rate": 0.0,
      "loss": 0.2243,
      "step": 681
    },
    {
      "epoch": 3.0,
      "eval_loss": 0.43177422881126404,
      "eval_performance": {
        "accuracy": 0.8496124031007752,
        "macro": {
          "f1": 0.8302175570758288,
          "precision": 0.8203676175644746,
          "recall": 0.8456544798811965
        },
        "pos_label=0": {
          "f1": 0.8876013904982619,
          "precision": 0.9217809867629362,
          "recall": 0.8558659217877095
        },
        "pos_label=1": {
          "f1": 0.7728337236533958,
          "precision": 0.7189542483660131,
          "recall": 0.8354430379746836
        }
      },
      "eval_runtime": 2.4886,
      "eval_samples_per_second": 518.369,
      "eval_statistics": {
        "total_samples": 1290,
        "y_pred_distribution": {
          "average": 0.3558139534883721,
          "count": {
            "-1": 0,
            "0": 831,
            "1": 459
          }
        },
        "y_true_distribution": {
          "average": 0.3062015503875969,
          "count": {
            "-1": 0,
            "0": 895,
            "1": 395
          }
        }
      },
      "eval_steps_per_second": 32.549,
      "step": 681
    }
  ],
  "logging_steps": 500,
  "max_steps": 681,
  "num_input_tokens_seen": 0,
  "num_train_epochs": 3,
  "save_steps": 500,
  "total_flos": 1081784187445320.0,
  "train_batch_size": 32,
  "trial_name": null,
  "trial_params": null
}
