{
    "eval_loss": 0.4014669358730316,
    "eval_statistics": {
        "total_samples": 1290,
        "y_true_distribution": {
            "count": {
                "0": 895,
                "1": 395,
                "-1": 0
            },
            "average": 0.3062015503875969
        },
        "y_pred_distribution": {
            "count": {
                "0": 912,
                "1": 378,
                "-1": 0
            },
            "average": 0.2930232558139535
        }
    },
    "eval_performance": {
        "accuracy": 0.8689922480620155,
        "pos_label=0": {
            "precision": 0.8980263157894737,
            "recall": 0.9150837988826815,
            "f1": 0.9064748201438849
        },
        "pos_label=1": {
            "precision": 0.798941798941799,
            "recall": 0.7645569620253164,
            "f1": 0.7813712807244502
        },
        "macro": {
            "precision": 0.8484840573656363,
            "recall": 0.839820380453999,
            "f1": 0.8439230504341675
        }
    },
    "eval_runtime": 4.8328,
    "eval_samples_per_second": 266.928,
    "eval_steps_per_second": 33.521,
    "epoch": 3.0
}