{
    "eval_loss": 0.4080340266227722,
    "eval_statistics": {
        "total_samples": 1290,
        "y_true_distribution": {
            "count": {
                "0": 895,
                "1": 395,
                "-1": 0
            },
            "average": 0.3062015503875969
        },
        "y_pred_distribution": {
            "count": {
                "0": 900,
                "1": 390,
                "-1": 0
            },
            "average": 0.3023255813953488
        }
    },
    "eval_performance": {
        "accuracy": 0.8565891472868217,
        "pos_label=0": {
            "precision": 0.8944444444444445,
            "recall": 0.8994413407821229,
            "f1": 0.8969359331476323
        },
        "pos_label=1": {
            "precision": 0.7692307692307693,
            "recall": 0.759493670886076,
            "f1": 0.7643312101910829
        },
        "macro": {
            "precision": 0.8318376068376069,
            "recall": 0.8294675058340995,
            "f1": 0.8306335716693576
        }
    },
    "eval_runtime": 3.9886,
    "eval_samples_per_second": 323.419,
    "eval_steps_per_second": 40.615,
    "epoch": 3.0
}