{
    "eval_loss": 0.3646808862686157,
    "eval_statistics": {
        "total_samples": 1290,
        "y_true_distribution": {
            "count": {
                "0": 895,
                "1": 395,
                "-1": 0
            },
            "average": 0.3062015503875969
        },
        "y_pred_distribution": {
            "count": {
                "0": 912,
                "1": 378,
                "-1": 0
            },
            "average": 0.2930232558139535
        }
    },
    "eval_performance": {
        "accuracy": 0.8565891472868217,
        "pos_label=0": {
            "precision": 0.8892543859649122,
            "recall": 0.906145251396648,
            "f1": 0.8976203652462645
        },
        "pos_label=1": {
            "precision": 0.7777777777777778,
            "recall": 0.7443037974683544,
            "f1": 0.7606727037516171
        },
        "macro": {
            "precision": 0.833516081871345,
            "recall": 0.8252245244325012,
            "f1": 0.8291465344989408
        }
    },
    "eval_runtime": 3.9971,
    "eval_samples_per_second": 322.737,
    "eval_steps_per_second": 20.265,
    "epoch": 3.0
}