{
    "eval_loss": 0.6563624143600464,
    "eval_statistics": {
        "total_samples": 1290,
        "y_true_distribution": {
            "count": {
                "0": 895,
                "1": 395,
                "-1": 0
            },
            "average": 0.3062015503875969
        },
        "y_pred_distribution": {
            "count": {
                "0": 874,
                "1": 416,
                "-1": 0
            },
            "average": 0.32248062015503876
        }
    },
    "eval_performance": {
        "accuracy": 0.8457364341085272,
        "pos_label=0": {
            "precision": 0.8981693363844394,
            "recall": 0.8770949720670391,
            "f1": 0.8875070661390616
        },
        "pos_label=1": {
            "precision": 0.7355769230769231,
            "recall": 0.7746835443037975,
            "f1": 0.7546239210850801
        },
        "macro": {
            "precision": 0.8168731297306813,
            "recall": 0.8258892581854183,
            "f1": 0.8210654936120709
        }
    },
    "eval_runtime": 9.933,
    "eval_samples_per_second": 129.87,
    "eval_steps_per_second": 16.309,
    "epoch": 3.0
}