{
    "eval_loss": 0.3776695430278778,
    "eval_statistics": {
        "total_samples": 1290,
        "y_true_distribution": {
            "count": {
                "0": 895,
                "1": 395,
                "-1": 0
            },
            "average": 0.3062015503875969
        },
        "y_pred_distribution": {
            "count": {
                "0": 881,
                "1": 409,
                "-1": 0
            },
            "average": 0.31705426356589145
        }
    },
    "eval_performance": {
        "accuracy": 0.8527131782945736,
        "pos_label=0": {
            "precision": 0.9001135073779796,
            "recall": 0.8860335195530726,
            "f1": 0.8930180180180181
        },
        "pos_label=1": {
            "precision": 0.7506112469437652,
            "recall": 0.7772151898734178,
            "f1": 0.763681592039801
        },
        "macro": {
            "precision": 0.8253623771608725,
            "recall": 0.8316243547132451,
            "f1": 0.8283498050289095
        }
    },
    "eval_runtime": 2.1421,
    "eval_samples_per_second": 602.204,
    "eval_steps_per_second": 37.813,
    "epoch": 3.0
}