{
  "best_metric": null,
  "best_model_checkpoint": null,
  "epoch": 2.0,
  "eval_steps": 500,
  "global_step": 320,
  "is_hyper_param_search": false,
  "is_local_process_zero": true,
  "is_world_process_zero": true,
  "log_history": [
    {
      "epoch": 1.0,
      "grad_norm": 17.864595413208008,
      "learning_rate": 1.6842105263157896e-05,
      "loss": 0.522,
      "step": 160
    },
    {
      "epoch": 1.0,
      "eval_loss": 0.34825265407562256,
      "eval_performance": {
        "accuracy": 0.8604651162790697,
        "macro": {
          "f1": 0.8388972300314435,
          "precision": 0.8332392614951696,
          "recall": 0.8456969096952125
        },
        "pos_label=0": {
          "f1": 0.8978433598183881,
          "precision": 0.9123414071510957,
          "recall": 0.8837988826815643
        },
        "pos_label=1": {
          "f1": 0.7799511002444988,
          "precision": 0.7541371158392435,
          "recall": 0.8075949367088607
        }
      },
      "eval_runtime": 2.2797,
      "eval_samples_per_second": 565.871,
      "eval_statistics": {
        "total_samples": 1290,
        "y_pred_distribution": {
          "average": 0.32790697674418606,
          "count": {
            "-1": 0,
            "0": 867,
            "1": 423
          }
        },
        "y_true_distribution": {
          "average": 0.3062015503875969,
          "count": {
            "-1": 0,
            "0": 895,
            "1": 395
          }
        }
      },
      "eval_steps_per_second": 35.531,
      "step": 160
    },
    {
      "epoch": 2.0,
      "grad_norm": 8.119366645812988,
      "learning_rate": 8.421052631578948e-06,
      "loss": 0.355,
      "step": 320
    },
    {
      "epoch": 2.0,
      "eval_loss": 0.3352137506008148,
      "eval_performance": {
        "accuracy": 0.8651162790697674,
        "macro": {
          "f1": 0.8403597062948601,
          "precision": 0.8423772609819122,
          "recall": 0.8384414114984796
        },
        "pos_label=0": {
          "f1": 0.9032258064516129,
          "precision": 0.8992248062015504,
          "recall": 0.9072625698324023
        },
        "pos_label=1": {
          "f1": 0.7774936061381074,
          "precision": 0.7855297157622739,
          "recall": 0.769620253164557
        }
      },
      "eval_runtime": 1.9981,
      "eval_samples_per_second": 645.611,
      "eval_statistics": {
        "total_samples": 1290,
        "y_pred_distribution": {
          "average": 0.3,
          "count": {
            "-1": 0,
            "0": 903,
            "1": 387
          }
        },
        "y_true_distribution": {
          "average": 0.3062015503875969,
          "count": {
            "-1": 0,
            "0": 895,
            "1": 395
          }
        }
      },
      "eval_steps_per_second": 40.538,
      "step": 320
    }
  ],
  "logging_steps": 500,
  "max_steps": 480,
  "num_input_tokens_seen": 0,
  "num_train_epochs": 3,
  "save_steps": 500,
  "total_flos": 576583211160000.0,
  "train_batch_size": 32,
  "trial_name": null,
  "trial_params": null
}
