{
  "best_metric": null,
  "best_model_checkpoint": null,
  "epoch": 2.0,
  "eval_steps": 500,
  "global_step": 320,
  "is_hyper_param_search": false,
  "is_local_process_zero": true,
  "is_world_process_zero": true,
  "log_history": [
    {
      "epoch": 1.0,
      "grad_norm": 4.1061930656433105,
      "learning_rate": 1.6842105263157896e-05,
      "loss": 0.5346,
      "step": 160
    },
    {
      "epoch": 1.0,
      "eval_loss": 0.39730092883110046,
      "eval_performance": {
        "accuracy": 0.8364341085271317,
        "macro": {
          "f1": 0.7965784767338361,
          "precision": 0.818993942182348,
          "recall": 0.7824128420903755
        },
        "pos_label=0": {
          "f1": 0.8866200967221923,
          "precision": 0.8540372670807453,
          "recall": 0.9217877094972067
        },
        "pos_label=1": {
          "f1": 0.7065368567454798,
          "precision": 0.7839506172839507,
          "recall": 0.6430379746835443
        }
      },
      "eval_runtime": 2.3314,
      "eval_samples_per_second": 553.307,
      "eval_statistics": {
        "total_samples": 1290,
        "y_pred_distribution": {
          "average": 0.25116279069767444,
          "count": {
            "-1": 0,
            "0": 966,
            "1": 324
          }
        },
        "y_true_distribution": {
          "average": 0.3062015503875969,
          "count": {
            "-1": 0,
            "0": 895,
            "1": 395
          }
        }
      },
      "eval_steps_per_second": 34.743,
      "step": 160
    },
    {
      "epoch": 2.0,
      "grad_norm": 8.422270774841309,
      "learning_rate": 8.421052631578948e-06,
      "loss": 0.3429,
      "step": 320
    },
    {
      "epoch": 2.0,
      "eval_loss": 0.3580615222454071,
      "eval_performance": {
        "accuracy": 0.8503875968992248,
        "macro": {
          "f1": 0.823562052341061,
          "precision": 0.824260829053225,
          "recall": 0.8228767413902836
        },
        "pos_label=0": {
          "f1": 0.8923591745677635,
          "precision": 0.89086859688196,
          "recall": 0.8938547486033519
        },
        "pos_label=1": {
          "f1": 0.7547649301143583,
          "precision": 0.7576530612244898,
          "recall": 0.7518987341772152
        }
      },
      "eval_runtime": 2.2175,
      "eval_samples_per_second": 581.744,
      "eval_statistics": {
        "total_samples": 1290,
        "y_pred_distribution": {
          "average": 0.30387596899224806,
          "count": {
            "-1": 0,
            "0": 898,
            "1": 392
          }
        },
        "y_true_distribution": {
          "average": 0.3062015503875969,
          "count": {
            "-1": 0,
            "0": 895,
            "1": 395
          }
        }
      },
      "eval_steps_per_second": 36.528,
      "step": 320
    }
  ],
  "logging_steps": 500,
  "max_steps": 480,
  "num_input_tokens_seen": 0,
  "num_train_epochs": 3,
  "save_steps": 500,
  "total_flos": 529408221156000.0,
  "train_batch_size": 32,
  "trial_name": null,
  "trial_params": null
}
