{
  "best_metric": null,
  "best_model_checkpoint": null,
  "epoch": 2.0,
  "eval_steps": 500,
  "global_step": 638,
  "is_hyper_param_search": false,
  "is_local_process_zero": true,
  "is_world_process_zero": true,
  "log_history": [
    {
      "epoch": 1.0,
      "grad_norm": 6.994504928588867,
      "learning_rate": 1.4889148191365228e-05,
      "loss": 0.4675,
      "step": 319
    },
    {
      "epoch": 1.0,
      "eval_loss": 0.4045043885707855,
      "eval_performance": {
        "accuracy": 0.8449612403100775,
        "macro": {
          "f1": 0.8157016481130135,
          "precision": 0.819096870316953,
          "recall": 0.8126016547627466
        },
        "pos_label=0": {
          "f1": 0.8891352549889135,
          "precision": 0.8822882288228823,
          "recall": 0.8960893854748604
        },
        "pos_label=1": {
          "f1": 0.7422680412371134,
          "precision": 0.7559055118110236,
          "recall": 0.7291139240506329
        }
      },
      "eval_runtime": 3.9553,
      "eval_samples_per_second": 326.141,
      "eval_statistics": {
        "total_samples": 1290,
        "y_pred_distribution": {
          "average": 0.29534883720930233,
          "count": {
            "-1": 0,
            "0": 909,
            "1": 381
          }
        },
        "y_true_distribution": {
          "average": 0.3062015503875969,
          "count": {
            "-1": 0,
            "0": 895,
            "1": 395
          }
        }
      },
      "eval_steps_per_second": 40.957,
      "step": 319
    },
    {
      "epoch": 2.0,
      "grad_norm": 13.220147132873535,
      "learning_rate": 7.444574095682614e-06,
      "loss": 0.3085,
      "step": 638
    },
    {
      "epoch": 2.0,
      "eval_loss": 0.41849857568740845,
      "eval_performance": {
        "accuracy": 0.834108527131783,
        "macro": {
          "f1": 0.7972532314923619,
          "precision": 0.8113181504485852,
          "recall": 0.7871013365391415
        },
        "pos_label=0": {
          "f1": 0.883695652173913,
          "precision": 0.8603174603174604,
          "recall": 0.9083798882681564
        },
        "pos_label=1": {
          "f1": 0.7108108108108108,
          "precision": 0.7623188405797101,
          "recall": 0.6658227848101266
        }
      },
      "eval_runtime": 3.948,
      "eval_samples_per_second": 326.75,
      "eval_statistics": {
        "total_samples": 1290,
        "y_pred_distribution": {
          "average": 0.26744186046511625,
          "count": {
            "-1": 0,
            "0": 945,
            "1": 345
          }
        },
        "y_true_distribution": {
          "average": 0.3062015503875969,
          "count": {
            "-1": 0,
            "0": 895,
            "1": 395
          }
        }
      },
      "eval_steps_per_second": 41.034,
      "step": 638
    }
  ],
  "logging_steps": 500,
  "max_steps": 957,
  "num_input_tokens_seen": 0,
  "num_train_epochs": 3,
  "save_steps": 500,
  "total_flos": 1800884552493600.0,
  "train_batch_size": 16,
  "trial_name": null,
  "trial_params": null
}
