{
    "eval_loss": 0.3257330358028412,
    "eval_statistics": {
        "total_samples": 1290,
        "y_true_distribution": {
            "count": {
                "0": 895,
                "1": 395,
                "-1": 0
            },
            "average": 0.3062015503875969
        },
        "y_pred_distribution": {
            "count": {
                "0": 910,
                "1": 380,
                "-1": 0
            },
            "average": 0.29457364341085274
        }
    },
    "eval_performance": {
        "accuracy": 0.8705426356589148,
        "pos_label=0": {
            "precision": 0.9,
            "recall": 0.9150837988826815,
            "f1": 0.9074792243767313
        },
        "pos_label=1": {
            "precision": 0.8,
            "recall": 0.769620253164557,
            "f1": 0.7845161290322581
        },
        "macro": {
            "precision": 0.8500000000000001,
            "recall": 0.8423520260236192,
            "f1": 0.8459976767044948
        }
    },
    "eval_runtime": 2.1402,
    "eval_samples_per_second": 602.747,
    "eval_steps_per_second": 37.847,
    "epoch": 3.0
}