{
  "best_metric": null,
  "best_model_checkpoint": null,
  "epoch": 2.0,
  "eval_steps": 500,
  "global_step": 666,
  "is_hyper_param_search": false,
  "is_local_process_zero": true,
  "is_world_process_zero": true,
  "log_history": [
    {
      "epoch": 1.0,
      "grad_norm": 11.419771194458008,
      "learning_rate": 1.481646273637375e-05,
      "loss": 0.5731,
      "step": 333
    },
    {
      "epoch": 1.0,
      "eval_loss": 0.36813321709632874,
      "eval_performance": {
        "accuracy": 0.8558139534883721,
        "macro": {
          "f1": 0.8356345681177371,
          "precision": 0.8272138286503155,
          "recall": 0.8472950993564812
        },
        "pos_label=0": {
          "f1": 0.8932261768082663,
          "precision": 0.9185360094451004,
          "recall": 0.8692737430167597
        },
        "pos_label=1": {
          "f1": 0.7780429594272077,
          "precision": 0.7358916478555305,
          "recall": 0.8253164556962025
        }
      },
      "eval_runtime": 3.562,
      "eval_samples_per_second": 362.155,
      "eval_statistics": {
        "total_samples": 1290,
        "y_pred_distribution": {
          "average": 0.3434108527131783,
          "count": {
            "-1": 0,
            "0": 847,
            "1": 443
          }
        },
        "y_true_distribution": {
          "average": 0.3062015503875969,
          "count": {
            "-1": 0,
            "0": 895,
            "1": 395
          }
        }
      },
      "eval_steps_per_second": 45.48,
      "step": 333
    },
    {
      "epoch": 2.0,
      "grad_norm": 9.067444801330566,
      "learning_rate": 7.408231368186875e-06,
      "loss": 0.3648,
      "step": 666
    },
    {
      "epoch": 2.0,
      "eval_loss": 0.4350341260433197,
      "eval_performance": {
        "accuracy": 0.8248062015503876,
        "macro": {
          "f1": 0.7595578120206249,
          "precision": 0.8462097746920455,
          "recall": 0.7330174669401033
        },
        "pos_label=0": {
          "f1": 0.8848114169215087,
          "precision": 0.8134957825679475,
          "recall": 0.9698324022346368
        },
        "pos_label=1": {
          "f1": 0.6343042071197411,
          "precision": 0.8789237668161435,
          "recall": 0.4962025316455696
        }
      },
      "eval_runtime": 3.5623,
      "eval_samples_per_second": 362.125,
      "eval_statistics": {
        "total_samples": 1290,
        "y_pred_distribution": {
          "average": 0.17286821705426356,
          "count": {
            "-1": 0,
            "0": 1067,
            "1": 223
          }
        },
        "y_true_distribution": {
          "average": 0.3062015503875969,
          "count": {
            "-1": 0,
            "0": 895,
            "1": 395
          }
        }
      },
      "eval_steps_per_second": 45.476,
      "step": 666
    }
  ],
  "logging_steps": 500,
  "max_steps": 999,
  "num_input_tokens_seen": 0,
  "num_train_epochs": 3,
  "save_steps": 500,
  "total_flos": 2420382285909000.0,
  "train_batch_size": 16,
  "trial_name": null,
  "trial_params": null
}
