{
  "best_metric": null,
  "best_model_checkpoint": null,
  "epoch": 3.0,
  "eval_steps": 500,
  "global_step": 957,
  "is_hyper_param_search": false,
  "is_local_process_zero": true,
  "is_world_process_zero": true,
  "log_history": [
    {
      "epoch": 1.0,
      "grad_norm": 12.521224021911621,
      "learning_rate": 1.4889148191365228e-05,
      "loss": 0.4979,
      "step": 319
    },
    {
      "epoch": 1.0,
      "eval_loss": 0.3731022775173187,
      "eval_performance": {
        "accuracy": 0.858139534883721,
        "macro": {
          "f1": 0.8345610264266456,
          "precision": 0.8317160197412299,
          "recall": 0.8376564599391839
        },
        "pos_label=0": {
          "f1": 0.8970174451322454,
          "precision": 0.9036281179138322,
          "recall": 0.8905027932960894
        },
        "pos_label=1": {
          "f1": 0.772104607721046,
          "precision": 0.7598039215686274,
          "recall": 0.7848101265822784
        }
      },
      "eval_runtime": 1.2751,
      "eval_samples_per_second": 1011.689,
      "eval_statistics": {
        "total_samples": 1290,
        "y_pred_distribution": {
          "average": 0.31627906976744186,
          "count": {
            "-1": 0,
            "0": 882,
            "1": 408
          }
        },
        "y_true_distribution": {
          "average": 0.3062015503875969,
          "count": {
            "-1": 0,
            "0": 895,
            "1": 395
          }
        }
      },
      "eval_steps_per_second": 127.049,
      "step": 319
    },
    {
      "epoch": 2.0,
      "grad_norm": 8.30078411102295,
      "learning_rate": 7.444574095682614e-06,
      "loss": 0.3371,
      "step": 638
    },
    {
      "epoch": 2.0,
      "eval_loss": 0.35293835401535034,
      "eval_performance": {
        "accuracy": 0.8643410852713178,
        "macro": {
          "f1": 0.8426455345834795,
          "precision": 0.8381611952121105,
          "recall": 0.8477830422176649
        },
        "pos_label=0": {
          "f1": 0.9010740531373658,
          "precision": 0.9118993135011442,
          "recall": 0.8905027932960894
        },
        "pos_label=1": {
          "f1": 0.7842170160295932,
          "precision": 0.7644230769230769,
          "recall": 0.8050632911392405
        }
      },
      "eval_runtime": 1.2708,
      "eval_samples_per_second": 1015.143,
      "eval_statistics": {
        "total_samples": 1290,
        "y_pred_distribution": {
          "average": 0.32248062015503876,
          "count": {
            "-1": 0,
            "0": 874,
            "1": 416
          }
        },
        "y_true_distribution": {
          "average": 0.3062015503875969,
          "count": {
            "-1": 0,
            "0": 895,
            "1": 395
          }
        }
      },
      "eval_steps_per_second": 127.483,
      "step": 638
    },
    {
      "epoch": 3.0,
      "grad_norm": 17.02741050720215,
      "learning_rate": 0.0,
      "loss": 0.2601,
      "step": 957
    },
    {
      "epoch": 3.0,
      "eval_loss": 0.4075292646884918,
      "eval_performance": {
        "accuracy": 0.8511627906976744,
        "macro": {
          "f1": 0.8214821136148718,
          "precision": 0.8283590653496111,
          "recall": 0.8156566013718973
        },
        "pos_label=0": {
          "f1": 0.8942731277533039,
          "precision": 0.8816503800217155,
          "recall": 0.9072625698324023
        },
        "pos_label=1": {
          "f1": 0.7486910994764397,
          "precision": 0.7750677506775068,
          "recall": 0.7240506329113924
        }
      },
      "eval_runtime": 1.2713,
      "eval_samples_per_second": 1014.678,
      "eval_statistics": {
        "total_samples": 1290,
        "y_pred_distribution": {
          "average": 0.28604651162790695,
          "count": {
            "-1": 0,
            "0": 921,
            "1": 369
          }
        },
        "y_true_distribution": {
          "average": 0.3062015503875969,
          "count": {
            "-1": 0,
            "0": 895,
            "1": 395
          }
        }
      },
      "eval_steps_per_second": 127.425,
      "step": 957
    }
  ],
  "logging_steps": 500,
  "max_steps": 957,
  "num_input_tokens_seen": 0,
  "num_train_epochs": 3,
  "save_steps": 500,
  "total_flos": 731212345062000.0,
  "train_batch_size": 16,
  "trial_name": null,
  "trial_params": null
}
