{
    "eval_loss": 0.5631113648414612,
    "eval_statistics": {
        "total_samples": 1290,
        "y_true_distribution": {
            "count": {
                "0": 895,
                "1": 395,
                "-1": 0
            },
            "average": 0.3062015503875969
        },
        "y_pred_distribution": {
            "count": {
                "0": 863,
                "1": 427,
                "-1": 0
            },
            "average": 0.3310077519379845
        }
    },
    "eval_performance": {
        "accuracy": 0.8542635658914729,
        "pos_label=0": {
            "precision": 0.9096176129779838,
            "recall": 0.8770949720670391,
            "f1": 0.8930602957906713
        },
        "pos_label=1": {
            "precision": 0.7423887587822015,
            "recall": 0.8025316455696202,
            "f1": 0.7712895377128953
        },
        "macro": {
            "precision": 0.8260031858800927,
            "recall": 0.8398133088183297,
            "f1": 0.8321749167517833
        }
    },
    "eval_runtime": 3.593,
    "eval_samples_per_second": 359.029,
    "eval_steps_per_second": 45.087,
    "epoch": 3.0
}