{
    "eval_loss": 0.441506028175354,
    "eval_statistics": {
        "total_samples": 1290,
        "y_true_distribution": {
            "count": {
                "0": 895,
                "1": 395,
                "-1": 0
            },
            "average": 0.3062015503875969
        },
        "y_pred_distribution": {
            "count": {
                "0": 929,
                "1": 361,
                "-1": 0
            },
            "average": 0.27984496124031005
        }
    },
    "eval_performance": {
        "accuracy": 0.8325581395348837,
        "pos_label=0": {
            "precision": 0.8654467168998924,
            "recall": 0.8983240223463688,
            "f1": 0.881578947368421
        },
        "pos_label=1": {
            "precision": 0.7479224376731302,
            "recall": 0.6835443037974683,
            "f1": 0.7142857142857143
        },
        "macro": {
            "precision": 0.8066845772865112,
            "recall": 0.7909341630719186,
            "f1": 0.7979323308270676
        }
    },
    "eval_runtime": 3.5552,
    "eval_samples_per_second": 362.853,
    "eval_steps_per_second": 45.568,
    "epoch": 3.0
}